{"stats":{"minecraft:picked_up":{"minecraft:wheat":22,"minecraft:flower_pot":2,"minecraft:clay_ball":992,"pillagershunts:assasin_sword":1,"additionalguns:ak105":2,"minecraft:wither_rose":2,"minecraft:brewing_stand":3,"additionalguns:awm":2,"minecraft:brick":5,"nzgexpansion:hunting_shotgun":1,"minecraft:string":18,"minecraft:raw_copper":850,"minecraft:item_frame":3,"additionalguns:usas12":2,"minecraft:gold_nugget":496,"minecraft:beef":9,"additionalguns:angled_grip":1,"minecraft:iron_nugget":2,"minecraft:furnace":31,"minecraft:stick":2,"minecraft:raw_iron":23,"iceandfire:dragonbone":9,"iceandfire:dragonscales_gray":20,"minecraft:torch":3,"iceandfire:chared_grass":3,"sophisticatedbackpacks:backpack":2,"minecraft:carrot":841,"minecraft:diorite":72,"nzgexpansion:infantry_rifle":1,"minecraft:arrow":11,"minecraft:rotten_flesh":52,"iceandfire:fire_dragon_heart":1,"nzgexpansion:flash_hider":1,"additionalguns:casing_heavy":192,"minecraft:mutton":7,"alexsmobs:flying_fish":1,"minecraft:white_wool":2,"minecraft:cobblestone":2747,"additionalguns:bullet_heavy":192,"minecraft:andesite":300,"minecraft:leather":5,"additionalguns:bullet_long":1,"minecraft:potato":1161,"minecraft:flint":31,"minecraft:oak_log":1,"minecraft:gunpowder":11,"minecraft:gray_concrete":7,"minecraft:dirt":169,"minecraft:bone":20,"minecraft:apple":1,"minecraft:stone_bricks":2,"minecraft:bow":1,"minecraft:wheat_seeds":72,"minecraft:iron_ingot":1,"nzgexpansion:dot_sight":1,"camera:image":2,"iceandfire:fire_dragon_flesh":4,"iceandfire:chared_stone":1,"minecraft:poisonous_potato":6,"minecraft:gravel":75,"iceandfire:dragon_skull_fire":1,"minecraft:sand":67,"minecraft:ink_sac":3,"additionalguns:tactical_silencer":1,"minecraft:dark_oak_log":2,"minecraft:spider_eye":7,"minecraft:light_gray_concrete":2,"cgm:shell":240,"alexsmobs:raw_catfish":3,"minecraft:black_concrete":4,"minecraft:granite":188,"nzgexpansion:marksman_stock":2,"minecraft:gray_wool":2,"alexsmobs:maggot":4,"minecraft:oak_sapling":6,"minecraft:coal":350,"minecraft:bricks":36,"cgm:workbench":4},"minecraft:used":{"additionalguns:python":47,"additionalguns:usas12":139,"minecraft:chest":9,"minecraft:shield":6,"minecraft:torch":229,"minecraft:dirt":14,"cgm:workbench":4,"minecraft:hopper":9,"minecraft:carrot":309,"minecraft:diamond_helmet":1,"sophisticatedbackpacks:netherite_backpack":1,"minecraft:granite":9,"additionalguns:ak105":52,"alexsmobs:maggot":3,"minecraft:lava_bucket":3,"minecraft:black_stained_glass_pane":12,"minecraft:gray_concrete_powder":8,"minecraft:stone_bricks":7,"minecraft:item_frame":5,"minecraft:bamboo":1,"minecraft:diamond_chestplate":1,"minecraft:bow":34,"minecraft:dark_oak_boat":1,"minecraft:furnace":1,"minecraft:potato":452,"minecraft:wheat_seeds":35,"minecraft:diamond_boots":1,"minecraft:baked_potato":24,"nzgexpansion:infantry_rifle":2,"minecraft:black_concrete_powder":8,"minecraft:smoker":1,"sophisticatedbackpacks:backpack":2,"minecraft:diamond_pickaxe":3606,"minecraft:apple":1,"minecraft:diamond_shovel":613,"minecraft:diamond_sword":92,"minecraft:cobblestone":15,"minecraft:andesite":6,"minecraft:bucket":49,"minecraft:oak_boat":3,"minecraft:diamond_leggings":1},"minecraft:crafted":{"minecraft:brick":227,"minecraft:black_dye":8,"minecraft:dark_oak_wood":6,"minecraft:gray_dye":2,"minecraft:gray_wool":1,"minecraft:glass_pane":16,"minecraft:glass":48,"minecraft:hopper":1,"minecraft:black_concrete_powder":8,"minecraft:chest":5,"minecraft:black_wool":18,"minecraft:smoker":1,"minecraft:red_dye":1,"minecraft:item_frame":2,"minecraft:gray_concrete_powder":8,"minecraft:copper_ingot":130,"minecraft:bucket":1,"minecraft:air":0,"minecraft:jungle_planks":48,"minecraft:yellow_dye":1,"minecraft:gold_nugget":162,"minecraft:white_dye":4,"minecraft:stick":100,"minecraft:iron_ingot":13,"minecraft:black_stained_glass_pane":16,"sophisticatedbackpacks:netherite_backpack":2,"minecraft:torch":256},"minecraft:dropped":{"minecraft:wheat_seeds":3,"nzgexpansion:infantry_rifle":1,"minecraft:poisonous_potato":3,"minecraft:cobblestone":419,"minecraft:granite":179,"minecraft:chainmail_helmet":1,"alexsmobs:raw_catfish":3,"nzgexpansion:hunting_shotgun":1,"minecraft:dirt":2382,"minecraft:gray_wool":1,"minecraft:dark_oak_log":3,"minecraft:diorite":70,"minecraft:dark_oak_wood":2,"minecraft:diamond_helmet":1,"minecraft:iron_leggings":1,"minecraft:wither_rose":1,"minecraft:sand":11,"minecraft:string":2,"minecraft:bone":3,"minecraft:furnace":62,"minecraft:bricks":36,"additionalguns:usas12":1,"minecraft:iron_nugget":1,"minecraft:clay_ball":464,"minecraft:potato":12,"minecraft:flower_pot":1,"minecraft:iron_chestplate":1,"minecraft:andesite":294,"minecraft:chainmail_boots":1,"minecraft:spider_eye":1,"additionalguns:bullet_long":63,"minecraft:stone_bricks":58,"minecraft:arrow":4,"minecraft:brick":228},"minecraft:killed":{"savage_and_ravage:skeleton_villager":1,"minecraft:spider":9,"alexsmobs:tasmanian_devil":1,"minecraft:phantom":1,"minecraft:skeleton":15,"iceandfire:fire_dragon":1,"minecraft:chicken":1,"pillagershunts:assasin_pillager":3,"alexsmobs:flying_fish":1,"minecraft:creeper":15,"minecraft:sheep":4,"alexsmobs:catfish":1,"minecraft:zombie":51,"alexsmobs:fly":2,"pillagershunts:archer_pillager":1,"campsite_structures:camper":4,"minecraft:cow":2},"minecraft:mined":{"minecraft:potted_wither_rose":2,"minecraft:brewing_stand":3,"minecraft:granite":188,"minecraft:grass_block":108,"minecraft:brick_stairs":2,"cgm:workbench":4,"iceandfire:chared_grass":3,"minecraft:carrots":234,"minecraft:iron_ore":14,"minecraft:andesite":237,"minecraft:black_concrete":4,"minecraft:potatoes":373,"iceandfire:gold_pile":21,"minecraft:light_gray_concrete":2,"minecraft:stone":2745,"minecraft:white_wool":1,"minecraft:gray_concrete":7,"minecraft:polished_granite":1,"minecraft:clay":201,"minecraft:cobblestone":1,"minecraft:tall_grass":8,"minecraft:copper_ore":115,"minecraft:bricks":36,"minecraft:diorite":44,"minecraft:wall_torch":1,"minecraft:seagrass":7,"minecraft:wheat":22,"minecraft:grass":7,"minecraft:coal_ore":166,"minecraft:gravel":109,"minecraft:sand":72,"minecraft:dirt":78,"minecraft:oak_leaves":50,"minecraft:fern":1},"minecraft:custom":{"minecraft:interact_with_anvil":13,"minecraft:mob_kills":112,"minecraft:animals_bred":2,"minecraft:inspect_hopper":66,"minecraft:interact_with_crafting_table":26,"minecraft:open_barrel":37,"minecraft:damage_dealt_resisted":170,"minecraft:leave_game":2,"minecraft:time_since_death":446636,"minecraft:climb_one_cm":3399,"minecraft:sprint_one_cm":723481,"minecraft:walk_one_cm":1194208,"minecraft:damage_blocked_by_shield":330,"minecraft:drop":110,"minecraft:play_time":446636,"minecraft:sneak_time":2760,"minecraft:walk_under_water_one_cm":60260,"minecraft:boat_one_cm":406,"minecraft:jump":4136,"minecraft:interact_with_brewingstand":2,"minecraft:interact_with_blast_furnace":49,"minecraft:walk_on_water_one_cm":36718,"minecraft:total_world_time":446636,"minecraft:interact_with_furnace":96,"minecraft:interact_with_stonecutter":1,"minecraft:sleep_in_bed":10,"minecraft:time_since_rest":32849,"minecraft:damage_taken":137,"minecraft:damage_dealt":5226,"minecraft:swim_one_cm":70456,"minecraft:fly_one_cm":627852,"minecraft:crouch_one_cm":1573,"minecraft:open_chest":401,"minecraft:interact_with_smoker":34,"minecraft:fall_one_cm":45711,"minecraft:horse_one_cm":1301}},"DataVersion":2975}