{"stats":{"minecraft:picked_up":{"minecraft:coarse_dirt":4,"minecraft:wheat":22,"minecraft:flower_pot":2,"minecraft:clay_ball":992,"pillagershunts:assasin_sword":1,"minecraft:stone_slab":2,"additionalguns:ak105":2,"minecraft:gold_block":1,"minecraft:wither_rose":2,"minecraft:stone_brick_stairs":6,"minecraft:brewing_stand":3,"additionalguns:awm":2,"minecraft:brick":5,"nzgexpansion:hunting_shotgun":1,"minecraft:string":19,"minecraft:raw_copper":911,"minecraft:wooden_sword":1,"minecraft:item_frame":3,"minecraft:cracked_stone_bricks":3,"additionalguns:usas12":2,"minecraft:gold_nugget":496,"minecraft:beef":9,"additionalguns:angled_grip":1,"minecraft:iron_nugget":2,"minecraft:sugar_cane":2,"minecraft:chest":1,"minecraft:birch_sapling":1,"minecraft:furnace":31,"minecraft:stick":2,"minecraft:raw_iron":23,"iceandfire:dragonbone":9,"iceandfire:dragonscales_gray":20,"minecraft:torch":3,"iceandfire:chared_grass":3,"sophisticatedbackpacks:backpack":2,"minecraft:carrot":841,"minecraft:diorite":72,"nzgexpansion:infantry_rifle":1,"minecraft:arrow":13,"minecraft:rotten_flesh":55,"iceandfire:fire_dragon_heart":1,"nzgexpansion:flash_hider":1,"additionalguns:casing_heavy":192,"minecraft:brick_stairs":2,"minecraft:obsidian":16,"minecraft:mutton":7,"alexsmobs:flying_fish":1,"minecraft:white_wool":2,"minecraft:cobblestone":2748,"minecraft:magma_block":17,"minecraft:cooked_beef":8,"additionalguns:bullet_heavy":192,"minecraft:andesite":300,"minecraft:leather":5,"additionalguns:bullet_long":1,"minecraft:smoker":1,"minecraft:potato":1172,"minecraft:flint":31,"minecraft:oak_log":1,"minecraft:gunpowder":11,"minecraft:gray_concrete":7,"minecraft:dirt":502,"minecraft:cooked_mutton":3,"minecraft:bone":22,"minecraft:apple":1,"minecraft:stone_bricks":5,"minecraft:bow":2,"minecraft:wheat_seeds":91,"minecraft:iron_ingot":1,"nzgexpansion:dot_sight":1,"minecraft:mossy_stone_bricks":1,"camera:image":2,"minecraft:stone_hoe":1,"minecraft:mossy_stone_brick_stairs":3,"iceandfire:fire_dragon_flesh":4,"iceandfire:chared_stone":1,"minecraft:stone_brick_slab":9,"minecraft:poisonous_potato":6,"minecraft:gravel":75,"iceandfire:dragon_skull_fire":1,"minecraft:sand":68,"minecraft:blast_furnace":1,"minecraft:ink_sac":3,"minecraft:mossy_stone_brick_slab":4,"minecraft:crying_obsidian":5,"additionalguns:tactical_silencer":1,"minecraft:dark_oak_log":2,"minecraft:spider_eye":7,"minecraft:light_gray_concrete":2,"cgm:shell":240,"alexsmobs:raw_catfish":3,"minecraft:black_concrete":4,"minecraft:granite":188,"nzgexpansion:marksman_stock":2,"minecraft:gray_wool":2,"minecraft:netherrack":30,"alexsmobs:maggot":4,"minecraft:oak_sapling":6,"minecraft:coal":363,"minecraft:bricks":42,"cgm:workbench":4},"minecraft:used":{"additionalguns:python":47,"additionalguns:usas12":167,"minecraft:chest":10,"minecraft:shield":6,"minecraft:torch":229,"minecraft:dirt":14,"cgm:workbench":4,"minecraft:hopper":9,"minecraft:carrot":309,"minecraft:diamond_helmet":1,"sophisticatedbackpacks:netherite_backpack":1,"minecraft:granite":9,"minecraft:obsidian":6,"additionalguns:ak105":52,"alexsmobs:maggot":3,"minecraft:lava_bucket":3,"minecraft:black_stained_glass_pane":12,"minecraft:gray_concrete_powder":8,"minecraft:stone_bricks":7,"minecraft:item_frame":5,"minecraft:bamboo":1,"minecraft:diamond_chestplate":1,"minecraft:bow":47,"minecraft:dark_oak_boat":1,"minecraft:furnace":1,"minecraft:potato":455,"minecraft:cooked_mutton":2,"minecraft:wheat_seeds":35,"minecraft:diamond_boots":1,"minecraft:baked_potato":27,"nzgexpansion:infantry_rifle":2,"minecraft:black_concrete_powder":8,"minecraft:smoker":1,"sophisticatedbackpacks:backpack":2,"minecraft:diamond_pickaxe":3742,"minecraft:apple":1,"minecraft:diamond_shovel":999,"minecraft:diamond_sword":101,"minecraft:cobblestone":15,"minecraft:andesite":6,"minecraft:bucket":56,"minecraft:oak_boat":3,"minecraft:diamond_leggings":1},"minecraft:crafted":{"minecraft:brick":227,"minecraft:black_dye":8,"minecraft:dark_oak_wood":6,"minecraft:gray_dye":2,"minecraft:gray_wool":1,"minecraft:glass_pane":16,"minecraft:glass":48,"minecraft:hopper":1,"minecraft:black_concrete_powder":8,"minecraft:chest":5,"minecraft:black_wool":18,"minecraft:smoker":1,"minecraft:coal_block":33,"minecraft:red_dye":1,"minecraft:item_frame":2,"minecraft:gray_concrete_powder":8,"minecraft:copper_ingot":130,"minecraft:bucket":1,"minecraft:air":0,"minecraft:jungle_planks":48,"minecraft:yellow_dye":1,"minecraft:gold_nugget":162,"minecraft:white_dye":4,"minecraft:stick":100,"minecraft:iron_ingot":13,"minecraft:black_stained_glass_pane":16,"sophisticatedbackpacks:netherite_backpack":2,"minecraft:torch":256},"minecraft:dropped":{"minecraft:wheat_seeds":3,"minecraft:cooked_beef":1,"nzgexpansion:infantry_rifle":1,"minecraft:poisonous_potato":3,"minecraft:cobblestone":419,"minecraft:granite":179,"minecraft:chainmail_helmet":1,"alexsmobs:raw_catfish":3,"nzgexpansion:hunting_shotgun":1,"minecraft:dirt":3936,"minecraft:gray_wool":1,"minecraft:dark_oak_log":3,"minecraft:diorite":70,"minecraft:dark_oak_wood":2,"minecraft:diamond_helmet":1,"minecraft:iron_leggings":1,"minecraft:wither_rose":1,"minecraft:sand":11,"minecraft:string":2,"minecraft:bone":3,"minecraft:furnace":62,"minecraft:bricks":36,"additionalguns:usas12":1,"minecraft:iron_nugget":1,"minecraft:coarse_dirt":17,"minecraft:obsidian":23,"minecraft:clay_ball":464,"minecraft:diamond_shovel":1,"minecraft:potato":12,"minecraft:flower_pot":1,"minecraft:iron_chestplate":1,"minecraft:andesite":294,"minecraft:chainmail_boots":1,"minecraft:spider_eye":1,"additionalguns:bullet_long":63,"minecraft:stone_bricks":58,"minecraft:arrow":4,"minecraft:brick":228},"minecraft:killed":{"savage_and_ravage:skeleton_villager":1,"minecraft:spider":11,"alexsmobs:tasmanian_devil":2,"minecraft:phantom":1,"minecraft:skeleton":17,"iceandfire:fire_dragon":1,"minecraft:chicken":1,"pillagershunts:assasin_pillager":3,"alexsmobs:flying_fish":1,"minecraft:creeper":16,"minecraft:sheep":4,"alexsmobs:catfish":1,"minecraft:zombie":53,"alexsmobs:fly":2,"pillagershunts:archer_pillager":1,"campsite_structures:camper":9,"minecraft:cow":3},"minecraft:mined":{"minecraft:crying_obsidian":5,"minecraft:potted_wither_rose":2,"minecraft:mossy_stone_brick_slab":4,"minecraft:obsidian":16,"minecraft:brewing_stand":3,"minecraft:granite":188,"minecraft:grass_block":387,"minecraft:brick_stairs":4,"cgm:workbench":4,"iceandfire:chared_grass":3,"minecraft:magma_block":18,"minecraft:carrots":234,"minecraft:iron_ore":14,"minecraft:andesite":237,"minecraft:black_concrete":4,"minecraft:gold_block":1,"minecraft:mossy_stone_brick_stairs":3,"minecraft:potatoes":376,"iceandfire:gold_pile":21,"minecraft:light_gray_concrete":2,"minecraft:stone":2746,"minecraft:white_wool":1,"minecraft:gray_concrete":7,"minecraft:smoker":2,"minecraft:brown_carpet":6,"minecraft:stone_brick_slab":9,"minecraft:polished_granite":1,"minecraft:clay":201,"minecraft:blast_furnace":1,"minecraft:chest":1,"minecraft:stone_slab":2,"minecraft:cobblestone":1,"minecraft:tall_grass":8,"minecraft:copper_ore":122,"minecraft:sugar_cane":1,"minecraft:bricks":42,"minecraft:diorite":44,"minecraft:wall_torch":1,"minecraft:seagrass":7,"minecraft:wheat":22,"minecraft:birch_leaves":7,"minecraft:stone_brick_stairs":6,"minecraft:grass":18,"minecraft:coal_ore":171,"minecraft:gravel":109,"minecraft:sand":73,"minecraft:dirt":172,"minecraft:cracked_stone_bricks":3,"minecraft:mossy_stone_bricks":1,"minecraft:stone_bricks":3,"minecraft:netherrack":35,"minecraft:oak_leaves":59,"minecraft:fern":3},"minecraft:custom":{"minecraft:interact_with_anvil":13,"minecraft:mob_kills":126,"minecraft:animals_bred":2,"minecraft:inspect_hopper":69,"minecraft:interact_with_crafting_table":28,"minecraft:open_barrel":38,"minecraft:interact_with_campfire":11,"minecraft:damage_dealt_resisted":170,"minecraft:leave_game":2,"minecraft:time_since_death":506636,"minecraft:climb_one_cm":4053,"minecraft:sprint_one_cm":850293,"minecraft:walk_one_cm":1349151,"minecraft:damage_blocked_by_shield":330,"minecraft:drop":142,"minecraft:play_time":506636,"minecraft:sneak_time":2770,"minecraft:walk_under_water_one_cm":69322,"minecraft:boat_one_cm":406,"minecraft:jump":4924,"minecraft:interact_with_brewingstand":2,"minecraft:interact_with_blast_furnace":54,"minecraft:walk_on_water_one_cm":41649,"minecraft:total_world_time":506636,"minecraft:interact_with_furnace":103,"minecraft:interact_with_stonecutter":1,"minecraft:sleep_in_bed":13,"minecraft:time_since_rest":25992,"minecraft:damage_taken":167,"minecraft:damage_dealt":5326,"minecraft:swim_one_cm":120178,"minecraft:fly_one_cm":715817,"minecraft:crouch_one_cm":1573,"minecraft:open_chest":452,"minecraft:interact_with_smoker":42,"minecraft:fall_one_cm":56484,"minecraft:horse_one_cm":1301}},"DataVersion":2975}