{"stats":{"minecraft:picked_up":{"minecraft:coarse_dirt":4,"minecraft:wheat":22,"minecraft:azure_bluet":1,"minecraft:flower_pot":2,"minecraft:clay_ball":992,"pillagershunts:assasin_sword":1,"minecraft:stone_slab":2,"additionalguns:ak105":2,"minecraft:gold_block":1,"minecraft:wither_rose":2,"minecraft:stone_brick_stairs":13,"minecraft:brewing_stand":3,"additionalguns:awm":2,"minecraft:brick":5,"nzgexpansion:hunting_shotgun":1,"minecraft:string":19,"minecraft:raw_copper":1104,"minecraft:wooden_sword":1,"minecraft:item_frame":3,"minecraft:glass_pane":5,"minecraft:cracked_stone_bricks":27,"additionalguns:usas12":2,"minecraft:gold_nugget":830,"minecraft:cobbled_deepslate":26,"minecraft:beef":9,"additionalguns:angled_grip":1,"minecraft:jungle_sapling":1,"minecraft:iron_nugget":2,"minecraft:sugar_cane":2,"minecraft:chest":1,"minecraft:birch_sapling":1,"iceandfire:dragonscales_red":20,"minecraft:furnace":31,"minecraft:stick":2,"minecraft:raw_iron":27,"iceandfire:dragonbone":21,"iceandfire:dragonscales_gray":20,"minecraft:torch":6,"iceandfire:chared_grass":3,"sophisticatedbackpacks:backpack":3,"minecraft:carrot":841,"minecraft:diorite":122,"alexsmobs:centipede_leg":2,"nzgexpansion:infantry_rifle":1,"minecraft:dark_oak_planks":3,"minecraft:arrow":21,"minecraft:rotten_flesh":69,"iceandfire:fire_dragon_heart":2,"iceandfire:crackled_grass":1,"minecraft:saddle":1,"nzgexpansion:flash_hider":1,"additionalguns:casing_heavy":192,"minecraft:brick_stairs":2,"minecraft:obsidian":16,"minecraft:mutton":7,"minecraft:snowball":4,"alexsmobs:flying_fish":1,"minecraft:white_wool":13,"minecraft:cobblestone":3203,"minecraft:feather":2,"iceandfire:dragonscales_black":21,"minecraft:magma_block":17,"minecraft:cooked_beef":8,"minecraft:jungle_log":6,"additionalguns:bullet_heavy":192,"minecraft:andesite":349,"minecraft:leather":5,"additionalguns:bullet_long":1,"minecraft:smoker":1,"minecraft:potato":1172,"minecraft:flint":105,"minecraft:tuff":19,"minecraft:oak_log":1,"minecraft:gunpowder":18,"minecraft:gray_concrete":7,"minecraft:lapis_lazuli":113,"minecraft:dirt":589,"minecraft:cooked_mutton":3,"minecraft:bone":25,"minecraft:apple":1,"minecraft:stone_bricks":57,"minecraft:bow":2,"minecraft:wheat_seeds":100,"minecraft:stone_pickaxe":1,"minecraft:iron_ingot":2,"nzgexpansion:dot_sight":1,"minecraft:mossy_stone_bricks":8,"camera:image":2,"minecraft:stone_hoe":2,"minecraft:mossy_stone_brick_stairs":3,"iceandfire:fire_dragon_flesh":6,"iceandfire:chared_stone":1,"iceandfire:copper_nugget":160,"minecraft:birch_boat":1,"minecraft:stone_brick_slab":9,"iceandfire:ash":2,"minecraft:poisonous_potato":6,"minecraft:gravel":87,"iceandfire:dragon_skull_fire":2,"minecraft:sand":68,"minecraft:blast_furnace":1,"minecraft:ink_sac":3,"iceandfire:lightning_dragon_heart":1,"minecraft:white_bed":1,"minecraft:lily_of_the_valley":5,"minecraft:mossy_stone_brick_slab":4,"minecraft:crying_obsidian":5,"additionalguns:tactical_silencer":1,"minecraft:dark_oak_log":2,"minecraft:spider_eye":8,"minecraft:light_gray_concrete":2,"cgm:shell":807,"alexsmobs:raw_catfish":3,"iceandfire:crackled_stone":2,"minecraft:black_concrete":4,"minecraft:granite":188,"nzgexpansion:marksman_stock":2,"minecraft:gray_wool":2,"minecraft:netherrack":31,"alexsmobs:maggot":4,"minecraft:oak_sapling":6,"minecraft:coal":457,"minecraft:bricks":42,"cgm:workbench":4},"minecraft:used":{"additionalguns:python":47,"additionalguns:usas12":259,"minecraft:chest":10,"minecraft:shield":7,"minecraft:torch":269,"minecraft:dirt":14,"cgm:workbench":4,"minecraft:hopper":9,"minecraft:carrot":310,"minecraft:diamond_helmet":1,"sophisticatedbackpacks:netherite_backpack":1,"minecraft:granite":9,"minecraft:obsidian":6,"additionalguns:ak105":52,"sophisticatedbackpacks:diamond_backpack":1,"alexsmobs:maggot":3,"minecraft:lava_bucket":3,"minecraft:black_stained_glass_pane":12,"minecraft:gray_concrete_powder":8,"minecraft:stone_brick_stairs":1,"minecraft:stone_bricks":9,"minecraft:item_frame":5,"minecraft:bamboo":1,"minecraft:diamond_chestplate":1,"minecraft:bow":48,"minecraft:dark_oak_boat":1,"minecraft:furnace":1,"minecraft:potato":455,"minecraft:diorite":12,"minecraft:cooked_mutton":2,"minecraft:wheat_seeds":35,"minecraft:water_bucket":1,"minecraft:diamond_boots":1,"minecraft:baked_potato":38,"minecraft:birch_boat":1,"minecraft:cracked_stone_bricks":4,"minecraft:golden_apple":1,"nzgexpansion:infantry_rifle":2,"minecraft:white_bed":1,"minecraft:black_concrete_powder":8,"minecraft:smoker":1,"sophisticatedbackpacks:backpack":5,"minecraft:diamond_pickaxe":4515,"minecraft:apple":1,"minecraft:diamond_shovel":1164,"minecraft:gravel":4,"minecraft:stone_axe":8,"minecraft:diamond_sword":119,"minecraft:cobblestone":23,"minecraft:andesite":6,"minecraft:bucket":58,"minecraft:oak_boat":3,"minecraft:diamond_leggings":1},"minecraft:crafted":{"minecraft:brick":227,"minecraft:black_dye":8,"minecraft:dark_oak_wood":6,"minecraft:gray_dye":2,"minecraft:gray_wool":1,"minecraft:glass_pane":16,"minecraft:glass":48,"minecraft:hopper":1,"minecraft:black_concrete_powder":8,"minecraft:chest":5,"additionalguns:usas12":2,"minecraft:black_wool":18,"minecraft:smoker":1,"minecraft:coal_block":33,"minecraft:red_dye":1,"minecraft:item_frame":2,"minecraft:baked_potato":6,"minecraft:gray_concrete_powder":8,"minecraft:copper_ingot":130,"minecraft:bucket":1,"minecraft:air":0,"minecraft:jungle_planks":68,"minecraft:yellow_dye":1,"minecraft:gold_nugget":207,"minecraft:white_dye":9,"minecraft:stick":144,"minecraft:iron_ingot":13,"firstaid:bandage":2,"minecraft:black_stained_glass_pane":16,"minecraft:light_gray_dye":1,"minecraft:white_bed":1,"sophisticatedbackpacks:netherite_backpack":2,"minecraft:torch":432},"minecraft:dropped":{"minecraft:wheat_seeds":12,"minecraft:cooked_beef":1,"nzgexpansion:infantry_rifle":1,"minecraft:poisonous_potato":3,"minecraft:cobblestone":419,"minecraft:granite":179,"minecraft:chainmail_helmet":1,"minecraft:golden_apple":1,"alexsmobs:raw_catfish":3,"nzgexpansion:hunting_shotgun":1,"minecraft:dirt":3936,"minecraft:gray_wool":1,"minecraft:dark_oak_log":3,"minecraft:diorite":70,"minecraft:dark_oak_wood":2,"minecraft:diamond_helmet":1,"minecraft:iron_leggings":1,"minecraft:wither_rose":1,"minecraft:sand":11,"minecraft:string":2,"minecraft:white_wool":3,"minecraft:bone":3,"minecraft:furnace":62,"minecraft:bricks":36,"additionalguns:usas12":1,"minecraft:iron_nugget":1,"minecraft:coarse_dirt":17,"minecraft:obsidian":23,"minecraft:clay_ball":464,"minecraft:diamond_shovel":1,"minecraft:name_tag":1,"minecraft:potato":12,"minecraft:flower_pot":1,"minecraft:iron_chestplate":1,"minecraft:andesite":294,"minecraft:chainmail_boots":1,"minecraft:spider_eye":1,"additionalguns:bullet_long":63,"minecraft:stone_bricks":58,"minecraft:arrow":4,"firstaid:plaster":3,"minecraft:brick":228},"minecraft:killed":{"savage_and_ravage:skeleton_villager":1,"minecraft:spider":12,"alexsmobs:tasmanian_devil":2,"alexsmobs:seagull":1,"minecraft:phantom":1,"minecraft:skeleton":20,"iceandfire:fire_dragon":1,"alexsmobs:leafcutter_ant":1,"minecraft:chicken":1,"pillagershunts:assasin_pillager":3,"alexsmobs:centipede_head":1,"alexsmobs:flying_fish":1,"minecraft:creeper":19,"minecraft:sheep":5,"alexsmobs:catfish":1,"minecraft:zombie":60,"alexsmobs:fly":2,"iceandfire:lightning_dragon":1,"pillagershunts:pillager_hunter":1,"pillagershunts:archer_pillager":1,"campsite_structures:camper":9,"alexsmobs:komodo_dragon":1,"minecraft:cow":3},"minecraft:killed_by":{"iceandfire:fire_dragon":3},"minecraft:mined":{"minecraft:crying_obsidian":5,"minecraft:tuff":19,"minecraft:white_bed":1,"minecraft:potted_wither_rose":2,"minecraft:mossy_stone_brick_slab":4,"iceandfire:copper_pile":16,"minecraft:cobblestone_stairs":2,"minecraft:jungle_leaves":3,"minecraft:obsidian":16,"minecraft:brewing_stand":3,"minecraft:granite":188,"minecraft:grass_block":387,"minecraft:jungle_log":5,"minecraft:brick_stairs":4,"cgm:workbench":4,"iceandfire:chared_grass":3,"minecraft:magma_block":18,"minecraft:carrots":234,"minecraft:iron_ore":14,"iceandfire:crackled_grass":1,"minecraft:andesite":286,"minecraft:black_concrete":4,"minecraft:azure_bluet":1,"minecraft:gold_block":1,"minecraft:deepslate_iron_ore":1,"minecraft:mossy_stone_brick_stairs":3,"minecraft:potatoes":376,"minecraft:vine":8,"iceandfire:gold_pile":46,"minecraft:light_gray_concrete":2,"minecraft:stone":3152,"minecraft:white_wool":4,"minecraft:gray_concrete":7,"minecraft:lily_of_the_valley":5,"minecraft:smoker":2,"minecraft:brown_carpet":6,"minecraft:stone_brick_slab":9,"minecraft:polished_granite":1,"minecraft:clay":201,"minecraft:blast_furnace":1,"minecraft:chest":1,"minecraft:stone_slab":2,"minecraft:cobblestone":2,"minecraft:tall_grass":8,"minecraft:copper_ore":147,"minecraft:lapis_ore":8,"minecraft:sugar_cane":1,"minecraft:bricks":42,"minecraft:diorite":94,"minecraft:wall_torch":1,"minecraft:deepslate_copper_ore":2,"minecraft:seagrass":7,"iceandfire:crackled_stone":2,"minecraft:wheat":22,"minecraft:birch_leaves":7,"minecraft:stone_brick_stairs":16,"minecraft:grass":21,"minecraft:coal_ore":213,"minecraft:gravel":188,"minecraft:sand":73,"minecraft:dirt":258,"minecraft:cracked_stone_bricks":25,"minecraft:deepslate":26,"minecraft:mossy_stone_bricks":8,"minecraft:stone_bricks":54,"minecraft:netherrack":35,"minecraft:oak_leaves":62,"minecraft:fern":7},"minecraft:custom":{"minecraft:interact_with_anvil":17,"minecraft:mob_kills":146,"minecraft:animals_bred":7,"minecraft:inspect_hopper":78,"minecraft:interact_with_crafting_table":33,"minecraft:open_barrel":59,"minecraft:interact_with_campfire":11,"minecraft:damage_dealt_resisted":170,"minecraft:leave_game":2,"minecraft:time_since_death":147528,"minecraft:climb_one_cm":9680,"minecraft:sprint_one_cm":1201125,"minecraft:walk_one_cm":1796547,"minecraft:damage_blocked_by_shield":415,"minecraft:drop":149,"minecraft:play_time":668636,"minecraft:deaths":3,"minecraft:sneak_time":3174,"minecraft:walk_under_water_one_cm":69937,"minecraft:boat_one_cm":54813,"minecraft:jump":6697,"minecraft:interact_with_brewingstand":2,"minecraft:interact_with_blast_furnace":59,"minecraft:walk_on_water_one_cm":46747,"minecraft:total_world_time":668636,"minecraft:interact_with_furnace":106,"minecraft:interact_with_stonecutter":1,"minecraft:sleep_in_bed":17,"minecraft:time_since_rest":25052,"minecraft:damage_taken":648,"minecraft:damage_dealt":6404,"minecraft:swim_one_cm":138619,"minecraft:fly_one_cm":972306,"minecraft:crouch_one_cm":1617,"minecraft:open_chest":555,"minecraft:interact_with_smoker":43,"minecraft:fall_one_cm":90826,"minecraft:horse_one_cm":36232}},"DataVersion":2975}