{"stats":{"minecraft:picked_up":{"minecraft:wooden_axe":1,"minecraft:iron_chestplate":5,"minecraft:chainmail_boots":4,"minecraft:flower_pot":2,"minecraft:anvil":1,"iceandfire:copper_ore":2,"minecraft:stone_slab":4,"minecraft:diamond_sword":2,"minecraft:lead":11,"minecraft:oak_stairs":15,"minecraft:enchanted_book":5,"minecraft:wither_rose":1,"minecraft:brewing_stand":4,"minecraft:music_disc_cat":2,"iceandfire:manuscript":3,"minecraft:string":104,"minecraft:diamond_leggings":1,"minecraft:gold_nugget":70,"minecraft:cobbled_deepslate":6,"minecraft:melon_slice":21,"minecraft:coal_block":33,"minecraft:dark_oak_door":1,"minecraft:golden_helmet":1,"minecraft:acacia_log":3,"iceandfire:lightning_dragon_flesh":8,"nzgexpansion:infantry_rifle":2,"minecraft:golden_chestplate":3,"alexsmobs:centipede_leg":4,"minecraft:black_dye":6,"minecraft:stone_sword":2,"minecraft:light_gray_bed":4,"alexsmobs:lobster_tail":3,"minecraft:iron_bars":44,"alexsmobs:flying_fish":6,"minecraft:birch_log":23,"iceandfire:dragonscales_black":10,"minecraft:iron_door":2,"minecraft:jungle_log":645,"minecraft:brown_wool":1,"minecraft:dark_oak_boat":3,"minecraft:flint":19,"minecraft:lantern":1,"minecraft:diamond_helmet":4,"iceandfire:dragonscales_amythest":5,"alexsmobs:falconry_glove":1,"iceandfire:stymphalian_bird_feather":11,"minecraft:ink_sac":31,"iceandfire:lightning_dragon_heart":1,"minecraft:dark_oak_log":32,"minecraft:barrel":3,"alexsmobs:animal_dictionary":2,"additionalguns:desert_eagle":1,"iceandfire:crackled_stone":13,"additionalguns:bullet_short":480,"minecraft:chainmail_helmet":1,"alexsmobs:maggot":5,"minecraft:bricks":37,"minecraft:crimson_roots":1,"minecraft:diamond_pickaxe":3,"sophisticatedbackpacks:gold_backpack":4,"iceandfire:dragon_skull_lightning":2,"minecraft:crafting_table":4,"minecraft:coarse_dirt":15,"iceandfire:witherbone":17,"minecraft:clay_ball":88,"additionalguns:ak105":1,"minecraft:jungle_trapdoor":1,"minecraft:red_bed":4,"camera:image_frame":6,"minecraft:iron_shovel":3,"additionalguns:bullet_medium":468,"iceandfire:graveyard_soil":1,"minecraft:cracked_stone_bricks":7,"additionalguns:usas12":1,"minecraft:cartography_table":1,"minecraft:beef":6,"minecraft:jungle_sapling":15,"minecraft:iron_nugget":7,"minecraft:poppy":7,"minecraft:minecart":1,"minecraft:birch_sapling":2,"minecraft:chest":5,"minecraft:egg":2,"sophisticatedbackpacks:backpack":2,"minecraft:jungle_fence_gate":7,"minecraft:carrot":489,"minecraft:redstone":8,"minecraft:jungle_sign":1,"minecraft:diamond_chestplate":1,"minecraft:stone_shovel":1,"minecraft:diamond_boots":1,"firstaid:bandage":1,"minecraft:mutton":10,"minecraft:rail":64,"minecraft:white_wool":76,"minecraft:tripwire_hook":1,"minecraft:jungle_fence":46,"minecraft:oak_log":45,"minecraft:golden_boots":4,"minecraft:blue_bed":2,"minecraft:paper":3,"minecraft:white_banner":3,"minecraft:stone_bricks":155,"minecraft:apple":8,"minecraft:kelp":11,"minecraft:stone_pickaxe":4,"minecraft:cobweb":4,"minecraft:glass_bottle":2,"minecraft:iron_sword":2,"iceandfire:copper_nugget":16,"iceandfire:dragonbone_sword":1,"minecraft:red_wool":21,"minecraft:gravel":69,"minecraft:leather_helmet":2,"minecraft:firework_rocket":3,"minecraft:diamond_shovel":3,"minecraft:slime_ball":2,"iceandfire:myrmex_jungle_egg":4,"minecraft:gray_wool":6,"minecraft:wheat":39,"minecraft:redstone_block":1,"minecraft:nether_brick_fence":2,"minecraft:potion":1,"minecraft:stone_brick_stairs":2,"additionalguns:awm":1,"additionalguns:python":1,"iceandfire:armor_silver_metal_chestplate":1,"nzgexpansion:hunting_shotgun":1,"minecraft:raw_copper":153,"minecraft:iron_leggings":7,"alexsmobs:banana":5,"minecraft:redstone_torch":1,"minecraft:iron_pickaxe":2,"iceandfire:dragonscales_red":12,"alexsmobs:leafcutter_ant_chamber":20,"minecraft:iron_boots":2,"minecraft:furnace":32,"minecraft:blue_wool":3,"minecraft:tipped_arrow":5,"minecraft:stick":29,"iceandfire:ghost_chest":1,"iceandfire:armor_copper_metal_leggings":1,"minecraft:oak_fence":4,"minecraft:torch":47,"minecraft:spruce_stairs":1,"minecraft:porkchop":5,"astikorcarts:animal_cart":7,"iceandfire:crackled_gravel":3,"minecraft:pointed_dripstone":1,"minecraft:diorite":3,"minecraft:quartz_block":14,"minecraft:rotten_flesh":90,"nzgexpansion:medium_bullet":528,"minecraft:obsidian":23,"minecraft:cod":3,"minecraft:cobblestone":1187,"minecraft:enchanting_table":1,"minecraft:jungle_pressure_plate":1,"minecraft:andesite":9,"minecraft:golden_leggings":4,"minecraft:potato":694,"alexsmobs:bear_fur":4,"minecraft:light_gray_dye":4,"minecraft:tuff":2,"minecraft:dirt":1649,"minecraft:name_tag":2,"minecraft:leather_boots":4,"minecraft:bone":148,"minecraft:acacia_planks":7,"iceandfire:myrmex_jungle_resin":64,"minecraft:bow":8,"minecraft:wheat_seeds":217,"minecraft:mossy_stone_bricks":25,"minecraft:bamboo":207,"camera:image":2,"minecraft:mossy_stone_brick_stairs":1,"firstaid:plaster":7,"minecraft:music_disc_13":1,"minecraft:poisonous_potato":2,"minecraft:jungle_planks":54,"minecraft:sand":135,"minecraft:nether_brick_stairs":2,"minecraft:mossy_cobblestone":8,"cgm:shell":194,"minecraft:light_gray_concrete":8,"minecraft:bone_meal":1,"minecraft:golden_apple":1,"iceandfire:myrmex_jungle_biolight":3,"minecraft:emerald":1,"minecraft:oak_sapling":20,"minecraft:netherrack":2,"iceandfire:copper_ingot":5,"minecraft:fishing_rod":2,"minecraft:cocoa_beans":60,"minecraft:splash_potion":1,"pillagershunts:assasin_sword":1,"iceandfire:fire_lily":2,"minecraft:diamond_horse_armor":1,"minecraft:shield":5,"additionalguns:casing_medium":240,"minecraft:brick":228,"minecraft:wooden_sword":1,"minecraft:item_frame":1,"minecraft:oak_boat":6,"minecraft:light_gray_wool":17,"minecraft:sugar_cane":56,"minecraft:phantom_membrane":6,"minecraft:dark_oak_sapling":1,"minecraft:raw_iron":4,"iceandfire:dragonbone":17,"iceandfire:chared_grass":1,"alexsmobs:leafcutter_ant_pupa":3,"minecraft:stone_pressure_plate":1,"minecraft:dark_oak_planks":8,"additionalguns:casing_short":480,"iceandfire:silver_ingot":4,"minecraft:arrow":132,"minecraft:nether_bricks":29,"minecraft:brick_stairs":4,"minecraft:jungle_boat":4,"minecraft:salmon":1,"minecraft:leather":12,"additionalguns:bullet_long":64,"minecraft:birch_planks":20,"alexsmobs:cachalot_whale_tooth":1,"savage_and_ravage:creeper_spores":2,"minecraft:chainmail_chestplate":2,"iceandfire:ectoplasm":6,"minecraft:gunpowder":38,"minecraft:cobblestone_stairs":1,"minecraft:red_carpet":2,"minecraft:rabbit_hide":1,"minecraft:iron_ingot":29,"iceandfire:crackled_cobblestone":1,"sophisticatedbackpacks:diamond_backpack":3,"minecraft:scaffolding":75,"minecraft:birch_boat":3,"minecraft:chiseled_stone_bricks":6,"minecraft:stone_brick_slab":9,"minecraft:dandelion":2,"cgm:specialised_grip":1,"minecraft:blast_furnace":1,"minecraft:white_bed":4,"minecraft:spider_eye":14,"minecraft:brick_slab":2,"minecraft:chainmail_leggings":2,"minecraft:iron_helmet":5,"minecraft:mossy_cobblestone_stairs":1,"minecraft:black_wool":11,"minecraft:coal":123},"minecraft:broken":{"minecraft:chainmail_boots":1,"minecraft:stone_hoe":2,"minecraft:shield":1,"minecraft:iron_axe":2,"minecraft:iron_shovel":1,"minecraft:stone_pickaxe":1,"minecraft:stone_axe":1,"minecraft:stone_shovel":5},"minecraft:used":{"additionalguns:usas12":69,"minecraft:spruce_slab":2,"minecraft:poppy":4,"minecraft:chest":24,"minecraft:stone":37,"minecraft:rotten_flesh":1,"nzgexpansion:hunting_shotgun":12,"minecraft:brick_slab":222,"smallships:jungle_brigg":2,"minecraft:jungle_sapling":10,"iceandfire:crackled_gravel":3,"minecraft:jungle_fence_gate":25,"minecraft:black_stained_glass_pane":79,"minecraft:grass_block":51,"minecraft:quartz_block":2,"nzgexpansion:machine_gun":59,"minecraft:stone_brick_stairs":2,"minecraft:bow":52,"minecraft:dark_oak_boat":4,"minecraft:furnace":2,"guardvillagers:guard_spawn_egg":4,"minecraft:oak_sapling":9,"minecraft:egg":2,"minecraft:potato":317,"minecraft:mossy_stone_bricks":24,"minecraft:damaged_anvil":2,"minecraft:wooden_pickaxe":9,"minecraft:jungle_pressure_plate":7,"minecraft:jungle_boat":3,"minecraft:golden_apple":14,"minecraft:sand":18,"astikorcarts:plow":1,"minecraft:blast_furnace":1,"minecraft:stone_button":2,"iceandfire:spawn_egg_myrmex_queen":1,"iceandfire:myrmex_resin_jungle":3,"minecraft:diamond_sword":6,"minecraft:white_stained_glass":2,"minecraft:oak_boat":6,"iceandfire:fire_lily":1,"camera:image_frame":9,"minecraft:iron_bars":36,"alexsmobs:rainbow_glass":1,"iceandfire:spawn_egg_myrmex_worker":2,"astikorcarts:animal_cart":8,"minecraft:netherrack":2,"minecraft:torch":152,"minecraft:brewing_stand":1,"minecraft:anvil":5,"iceandfire:copper_sword":191,"minecraft:chainmail_chestplate":1,"minecraft:jungle_trapdoor":3,"minecraft:nether_brick_stairs":1,"minecraft:chipped_anvil":1,"minecraft:iron_axe":832,"minecraft:brick_stairs":72,"minecraft:jungle_log":36,"minecraft:barrel":73,"minecraft:tripwire_hook":3,"minecraft:beef":3,"minecraft:iron_trapdoor":7,"minecraft:acacia_planks":4,"sophisticatedbackpacks:gold_backpack":5,"minecraft:wheat_seeds":43,"minecraft:water_bucket":17,"minecraft:dirt_path":1,"minecraft:cartography_table":1,"iceandfire:crackled_stone":13,"minecraft:cracked_stone_bricks":134,"minecraft:salmon":1,"minecraft:mossy_cobblestone":1,"savage_and_ravage:iceologer_spawn_egg":1,"nzgexpansion:infantry_rifle":254,"minecraft:tnt":3,"minecraft:crafting_table":12,"minecraft:red_bed":6,"minecraft:white_bed":4,"minecraft:cod":3,"alexsmobs:flying_fish":1,"minecraft:diamond_shovel":1161,"additionalguns:desert_eagle":485,"minecraft:iron_pickaxe":195,"nzgexpansion:hunting_rifle":16,"minecraft:chiseled_stone_bricks":3,"iceandfire:crackled_cobblestone":1,"minecraft:cobblestone":96,"minecraft:potion":21,"minecraft:glass_pane":5,"minecraft:dandelion":1,"minecraft:iron_shovel":527,"minecraft:light_gray_stained_glass_pane":2,"additionalguns:awm":3,"minecraft:shield":228,"minecraft:iron_sword":179,"minecraft:mutton":7,"minecraft:jungle_planks":1356,"minecraft:nether_bricks":3,"minecraft:carrot":200,"additionalguns:ak105":134,"sophisticatedbackpacks:diamond_backpack":4,"minecraft:bricks":1,"minecraft:lantern":1,"minecraft:stone_bricks":1929,"minecraft:red_carpet":1,"minecraft:scaffolding":88,"minecraft:stone_pickaxe":1174,"minecraft:jungle_fence":186,"minecraft:oak_planks":63,"minecraft:ender_pearl":1,"minecraft:blue_bed":2,"minecraft:black_bed":1,"minecraft:shears":3,"minecraft:lever":7,"sophisticatedbackpacks:backpack":1,"iceandfire:dragonbone_sword":61,"minecraft:light_gray_concrete":2,"minecraft:bread":1,"minecraft:melon_slice":11,"minecraft:string":14,"nzgexpansion:battle_rifle":12,"minecraft:iron_door":6,"minecraft:gravel":1,"minecraft:jungle_sign":1,"minecraft:andesite":17,"additionalguns:usp":7,"minecraft:bone_meal":13,"minecraft:cobweb":4,"minecraft:oak_fence":27,"minecraft:flint_and_steel":21,"minecraft:stone_shovel":1026,"minecraft:stone_hoe":263,"minecraft:cooked_chicken":2,"minecraft:dirt":458,"cgm:workbench":2,"minecraft:hopper":1,"nzgexpansion:bullpup_rifle":76,"minecraft:iron_hoe":19,"minecraft:wooden_axe":74,"minecraft:dark_oak_planks":22,"alexsmobs:maggot":3,"minecraft:oak_stairs":54,"nzgexpansion:submachine_gun":8,"minecraft:cooked_beef":20,"minecraft:light_gray_bed":4,"minecraft:cooked_mutton":4,"minecraft:cobblestone_stairs":1,"minecraft:baked_potato":144,"minecraft:birch_boat":3,"minecraft:stonecutter":1,"minecraft:light_gray_concrete_powder":8,"minecraft:dark_oak_door":2,"minecraft:flower_pot":2,"minecraft:apple":1,"minecraft:jungle_stairs":14,"minecraft:stone_slab":4,"minecraft:stone_axe":151,"minecraft:white_banner":2,"iceandfire:chared_grass":1,"minecraft:jungle_door":2,"minecraft:bucket":17,"alexsmobs:animal_dictionary":3,"iceandfire:myrmex_resin_sticky_jungle":18,"minecraft:splash_potion":6},"minecraft:crafted":{"minecraft:black_dye":18,"minecraft:light_gray_concrete_powder":8,"minecraft:jungle_fence_gate":22,"additionalguns:desert_eagle":1,"minecraft:lever":1,"minecraft:cooked_mutton":6,"astikorcarts:plow":1,"sophisticatedbackpacks:copper_backpack":2,"astikorcarts:wheel":4,"minecraft:jungle_boat":3,"minecraft:jungle_pressure_plate":3,"minecraft:golden_pickaxe":1,"nzgexpansion:infantry_rifle":1,"minecraft:copper_ingot":8,"camera:camera":1,"alexsmobs:falconry_glove":2,"minecraft:iron_pickaxe":1,"minecraft:gold_ingot":60,"minecraft:light_gray_dye":12,"minecraft:stone_shovel":10,"minecraft:iron_nugget":81,"minecraft:brick_stairs":1,"minecraft:bone_meal":117,"minecraft:stone_pickaxe":1,"minecraft:jungle_fence":180,"minecraft:dark_oak_planks":96,"smallships:jungle_brigg":1,"iceandfire:dragonbone_sword":2,"minecraft:blue_bed":1,"sophisticatedbackpacks:gold_backpack":3,"minecraft:jungle_slab":30,"minecraft:golden_apple":5,"minecraft:wooden_axe":5,"minecraft:oak_stairs":40,"minecraft:black_stained_glass_pane":64,"minecraft:iron_shovel":1,"minecraft:white_bed":2,"camera:image_frame":1,"iceandfire:copper_block":2,"minecraft:brick":160,"minecraft:oak_planks":180,"minecraft:barrel":18,"minecraft:dark_oak_boat":1,"minecraft:cooked_chicken":6,"minecraft:stone":559,"smallships:sail":2,"minecraft:dark_oak_door":3,"minecraft:hopper":1,"astikorcarts:animal_cart":1,"minecraft:chest":26,"minecraft:copper_block":105,"minecraft:jungle_stairs":32,"minecraft:bricks":142,"minecraft:stone_hoe":2,"sophisticatedbackpacks:backpack":1,"minecraft:crafting_table":9,"minecraft:wooden_pickaxe":1,"minecraft:baked_potato":166,"minecraft:gold_block":19,"iceandfire:copper_sword":1,"minecraft:dark_oak_slab":6,"minecraft:paper":18,"minecraft:shield":3,"sophisticatedbackpacks:diamond_backpack":1,"minecraft:stick":229,"minecraft:iron_ingot":6,"minecraft:shears":2,"minecraft:furnace":2,"minecraft:stone_button":3,"minecraft:jungle_trapdoor":4,"minecraft:raw_copper_block":12,"minecraft:glass_pane":80,"minecraft:flint_and_steel":1,"minecraft:scaffolding":54,"minecraft:iron_axe":3,"minecraft:iron_hoe":1,"cgm:workbench":2,"sophisticatedbackpacks:iron_backpack":2,"minecraft:cooked_beef":3,"iceandfire:copper_ingot":9,"minecraft:bucket":1,"minecraft:stone_axe":1,"minecraft:air":0,"minecraft:jungle_planks":2260,"minecraft:jungle_door":3,"minecraft:gold_nugget":54,"minecraft:white_dye":8,"firstaid:bandage":17,"minecraft:stonecutter":1,"minecraft:acacia_planks":12,"minecraft:torch":20},"minecraft:dropped":{"minecraft:iron_sword":1,"nzgexpansion:infantry_rifle":1,"minecraft:glass_bottle":5,"minecraft:saddle":3,"sophisticatedbackpacks:gold_backpack":1,"minecraft:dirt":505,"firstaid:bandage":7,"minecraft:raw_copper_block":12,"alexsmobs:flying_fish":2,"minecraft:gold_nugget":9,"minecraft:iron_pickaxe":2,"minecraft:dark_oak_planks":6,"minecraft:white_wool":3,"cgm:shell":386,"minecraft:bone":22,"minecraft:sugar_cane":2,"camera:image":2,"minecraft:rotten_flesh":19,"minecraft:nether_brick_fence":2,"minecraft:white_bed":1,"iceandfire:ghost_chest":1,"minecraft:enchanted_book":2,"minecraft:wheat_seeds":19,"minecraft:iron_helmet":1,"minecraft:coal_block":21,"minecraft:diamond_horse_armor":1,"alexsmobs:leafcutter_ant_chamber":19,"minecraft:diamond_helmet":2,"minecraft:potion":3,"minecraft:chainmail_leggings":2,"minecraft:paper":3,"minecraft:stone_sword":2,"minecraft:experience_bottle":26,"minecraft:nether_bricks":2,"minecraft:diamond_sword":1,"minecraft:potato":415,"minecraft:diamond_pickaxe":1,"iceandfire:silver_ingot":2,"minecraft:spider_eye":1,"minecraft:bow":2,"minecraft:nether_brick_stairs":1,"minecraft:ender_pearl":2,"minecraft:leather":1,"iceandfire:graveyard_soil":1,"minecraft:gold_ingot":80,"minecraft:diamond_shovel":1,"minecraft:carrot":657,"minecraft:poppy":2,"minecraft:rabbit_hide":1,"minecraft:leather_chestplate":2,"minecraft:gunpowder":11,"minecraft:chest":2,"minecraft:chainmail_boots":1,"minecraft:iron_bars":9,"minecraft:arrow":2,"iceandfire:armor_copper_metal_leggings":1,"minecraft:bread":1,"minecraft:golden_helmet":2,"minecraft:minecart":1,"minecraft:diamond_leggings":1,"minecraft:jungle_door":1,"iceandfire:armor_silver_metal_chestplate":1,"minecraft:iron_leggings":2,"additionalguns:usas12":1,"minecraft:coarse_dirt":11,"minecraft:raw_copper":37,"iceandfire:myrmex_jungle_resin":373,"alexsmobs:falconry_glove":2,"minecraft:shield":4,"minecraft:diamond_chestplate":1,"minecraft:iron_chestplate":2,"minecraft:oak_sapling":5,"minecraft:diamond_boots":1},"minecraft:killed":{"alexsmobs:lobster":5,"minecraft:cave_spider":2,"minecraft:cod":3,"iceandfire:stymphalian_bird":3,"minecraft:skeleton":86,"alexsmobs:leafcutter_ant":21,"alexsmobs:capuchin_monkey":1,"savage_and_ravage:creepie":1,"minecraft:salmon":1,"minecraft:iron_golem":1,"minecraft:pillager":30,"minecraft:zombie":126,"iceandfire:lightning_dragon":1,"pillagershunts:pillager_hunter":4,"minecraft:cow":3,"alexsmobs:raccoon":1,"minecraft:vindicator":5,"alexsmobs:seagull":1,"alexsmobs:rocky_roller":1,"minecraft:wandering_trader":1,"alexsmobs:catfish":1,"iceandfire:ghost":1,"minecraft:witch":1,"minecraft:spider":51,"savage_and_ravage:griefer":1,"pillagershunts:assasin_pillager":1,"minecraft:silverfish":20,"minecraft:pig":2,"alexsmobs:grizzly_bear":2,"minecraft:creeper":62,"minecraft:sheep":8,"minecraft:trader_llama":5,"alexsmobs:terrapin":3,"minecraft:stray":17,"alexsmobs:fly":6,"pillagershunts:archer_pillager":2,"alexsmobs:komodo_dragon":1,"savage_and_ravage:skeleton_villager":1,"minecraft:phantom":3,"iceandfire:fire_dragon":1,"alexsmobs:flying_fish":4,"minecraft:bat":1,"minecraft:squid":2,"minecraft:wither_skeleton":26,"campsite_structures:camper":5,"minecraft:villager":6},"minecraft:killed_by":{"minecraft:zombie_villager":2,"minecraft:pillager":1,"pillagershunts:archer_pillager":1,"minecraft:stray":8,"minecraft:trader_llama":1,"iceandfire:ghost":2,"minecraft:wither_skeleton":2,"minecraft:creeper":2,"alexsmobs:elephant":1,"iceandfire:sea_serpent":1,"iceandfire:fire_dragon":4,"minecraft:player":2,"minecraft:skeleton":15,"guardvillagers:guard":1},"minecraft:mined":{"minecraft:dark_oak_planks":5,"minecraft:white_bed":3,"iceandfire:copper_pile":1,"alexsmobs:leafcutter_anthill":3,"minecraft:jungle_leaves":86,"savage_and_ravage:potted_creeper_spores":1,"minecraft:granite":2,"minecraft:acacia_log":3,"minecraft:jungle_log":597,"minecraft:light_gray_bed":3,"minecraft:coal_block":35,"minecraft:blue_wool":3,"minecraft:chiseled_stone_bricks":1,"minecraft:spawner":31,"minecraft:fire":11,"minecraft:barrel":3,"minecraft:nether_brick_stairs":2,"minecraft:dirt_path":1,"minecraft:oak_stairs":14,"minecraft:light_gray_concrete":8,"minecraft:white_banner":1,"minecraft:tripwire":5,"minecraft:jungle_trapdoor":1,"minecraft:brown_mushroom":1,"minecraft:red_bed":4,"minecraft:kelp_plant":5,"minecraft:powder_snow":8,"minecraft:torch":24,"minecraft:blast_furnace":1,"minecraft:melon":2,"minecraft:sugar_cane":30,"minecraft:bricks":1,"sophisticatedbackpacks:diamond_backpack":3,"minecraft:wheat":40,"minecraft:infested_mossy_stone_bricks":3,"minecraft:grass":451,"minecraft:deepslate":2,"minecraft:dark_oak_log":24,"minecraft:nether_bricks":4,"minecraft:jungle_planks":47,"alexsmobs:leafcutter_ant_chamber":32,"minecraft:kelp":1,"minecraft:cartography_table":1,"minecraft:black_stained_glass_pane":4,"minecraft:andesite":9,"minecraft:mossy_stone_brick_stairs":1,"minecraft:potatoes":189,"minecraft:vine":19,"minecraft:bamboo":22,"minecraft:white_wool":49,"minecraft:cake":1,"minecraft:dandelion":3,"minecraft:jungle_sign":1,"minecraft:tall_grass":21,"minecraft:copper_ore":37,"minecraft:diorite":3,"minecraft:coarse_dirt":15,"minecraft:birch_leaves":2,"minecraft:jungle_fence":46,"minecraft:gravel":96,"minecraft:acacia_planks":7,"minecraft:stone_bricks":89,"minecraft:fern":137,"minecraft:stone_pressure_plate":1,"minecraft:mossy_stone_brick_slab":1,"sophisticatedbackpacks:gold_backpack":3,"minecraft:brewing_stand":1,"minecraft:grass_block":1777,"minecraft:iron_ore":4,"minecraft:anvil":1,"minecraft:iron_bars":39,"minecraft:jungle_pressure_plate":1,"minecraft:quartz_block":11,"minecraft:clay":6,"minecraft:poppy":5,"iceandfire:ghost_chest":1,"iceandfire:fire_lily":1,"minecraft:cobblestone":18,"minecraft:iron_door":1,"minecraft:wall_torch":8,"minecraft:seagrass":3,"minecraft:birch_log":20,"minecraft:light_gray_wool":9,"minecraft:oak_log":23,"minecraft:sand":80,"minecraft:dirt":535,"minecraft:infested_cracked_stone_bricks":1,"minecraft:netherrack":2,"minecraft:oak_leaves":160,"minecraft:brick_stairs":4,"minecraft:furnace":1,"minecraft:carrots":124,"iceandfire:copper_ore":2,"minecraft:stone":906,"sophisticatedbackpacks:backpack":1,"minecraft:jungle_fence_gate":7,"minecraft:scaffolding":32,"minecraft:red_wool":13,"minecraft:oak_fence":4,"minecraft:crafting_table":4,"minecraft:stone_slab":3,"minecraft:blue_bed":2,"minecraft:brick_slab":1,"minecraft:white_wall_banner":1,"minecraft:coal_ore":110,"minecraft:cracked_stone_bricks":5,"minecraft:mossy_stone_bricks":1},"minecraft:custom":{"minecraft:interact_with_crafting_table":139,"minecraft:open_barrel":82,"minecraft:leave_game":20,"minecraft:time_since_death":5795,"minecraft:damage_blocked_by_shield":8865,"minecraft:play_time":1467162,"minecraft:deaths":45,"minecraft:jump":22626,"minecraft:interact_with_furnace":110,"minecraft:sleep_in_bed":58,"minecraft:damage_dealt":27984,"minecraft:horse_one_cm":1586537,"minecraft:interact_with_anvil":47,"minecraft:inspect_hopper":43,"minecraft:damage_dealt_absorbed":120,"minecraft:target_hit":20,"minecraft:sneak_time":41945,"minecraft:interact_with_blast_furnace":11,"minecraft:total_world_time":1467162,"minecraft:tune_noteblock":6,"minecraft:interact_with_stonecutter":44,"minecraft:time_since_rest":5827,"minecraft:swim_one_cm":237017,"minecraft:fly_one_cm":6565221,"minecraft:open_chest":813,"minecraft:fall_one_cm":601963,"minecraft:animals_bred":7,"minecraft:sprint_one_cm":4755600,"minecraft:drop":1051,"minecraft:play_noteblock":1,"minecraft:walk_on_water_one_cm":149950,"minecraft:player_kills":2,"minecraft:crouch_one_cm":125403,"minecraft:mob_kills":540,"minecraft:damage_dealt_resisted":82,"minecraft:climb_one_cm":143474,"minecraft:walk_one_cm":3269786,"minecraft:raid_win":1,"minecraft:walk_under_water_one_cm":152284,"minecraft:boat_one_cm":1819687,"minecraft:raid_trigger":1,"minecraft:pot_flower":2,"minecraft:damage_taken":11970,"minecraft:trigger_trapped_chest":1}},"DataVersion":2975}