{"stats":{"minecraft:broken":{"minecraft:stone_hoe":2,"minecraft:stone_shovel":4},"minecraft:picked_up":{"minecraft:fishing_rod":1,"sophisticatedbackpacks:gold_backpack":2,"minecraft:coarse_dirt":11,"minecraft:cocoa_beans":21,"minecraft:crafting_table":4,"minecraft:wheat":39,"minecraft:chainmail_boots":1,"iceandfire:witherbone":8,"minecraft:flower_pot":2,"iceandfire:fire_lily":1,"minecraft:lead":1,"minecraft:enchanted_book":2,"minecraft:diamond_horse_armor":1,"minecraft:brewing_stand":1,"minecraft:shield":1,"minecraft:music_disc_cat":2,"minecraft:string":38,"minecraft:raw_copper":116,"minecraft:iron_shovel":2,"minecraft:cracked_stone_bricks":5,"minecraft:cartography_table":1,"minecraft:gold_nugget":70,"alexsmobs:banana":1,"minecraft:beef":3,"minecraft:redstone_torch":1,"minecraft:jungle_sapling":1,"minecraft:iron_nugget":6,"minecraft:poppy":4,"minecraft:light_gray_wool":16,"minecraft:minecart":1,"minecraft:sugar_cane":4,"minecraft:melon_slice":21,"minecraft:chest":2,"minecraft:birch_sapling":2,"minecraft:phantom_membrane":3,"alexsmobs:leafcutter_ant_chamber":17,"minecraft:furnace":1,"minecraft:tipped_arrow":1,"minecraft:dark_oak_sapling":1,"minecraft:raw_iron":4,"minecraft:stick":15,"minecraft:torch":13,"minecraft:acacia_log":3,"minecraft:spruce_stairs":1,"minecraft:porkchop":5,"astikorcarts:animal_cart":4,"minecraft:carrot":79,"alexsmobs:leafcutter_ant_pupa":3,"minecraft:stone_pressure_plate":1,"minecraft:black_dye":1,"minecraft:quartz_block":5,"additionalguns:casing_short":224,"minecraft:stone_sword":2,"minecraft:arrow":33,"minecraft:light_gray_bed":3,"minecraft:rotten_flesh":19,"minecraft:nether_bricks":1,"minecraft:mutton":7,"alexsmobs:flying_fish":1,"minecraft:iron_bars":6,"minecraft:cod":3,"minecraft:white_wool":66,"minecraft:cobblestone":28,"minecraft:birch_log":23,"minecraft:enchanting_table":1,"minecraft:jungle_log":52,"minecraft:andesite":8,"minecraft:leather":6,"minecraft:brown_wool":1,"minecraft:golden_leggings":1,"minecraft:jungle_fence":2,"minecraft:potato":171,"minecraft:birch_planks":20,"alexsmobs:cachalot_whale_tooth":1,"minecraft:flint":3,"savage_and_ravage:creeper_spores":2,"minecraft:light_gray_dye":4,"minecraft:chainmail_chestplate":1,"minecraft:golden_boots":2,"minecraft:gunpowder":7,"minecraft:dirt":560,"minecraft:lantern":1,"minecraft:white_banner":2,"minecraft:leather_boots":1,"minecraft:red_carpet":2,"minecraft:bone":56,"minecraft:acacia_planks":7,"minecraft:apple":1,"minecraft:stone_bricks":6,"minecraft:kelp":6,"minecraft:bow":2,"minecraft:wheat_seeds":159,"minecraft:rabbit_hide":1,"minecraft:iron_ingot":20,"minecraft:stone_pickaxe":2,"minecraft:glass_bottle":1,"minecraft:mossy_stone_brick_stairs":1,"minecraft:music_disc_13":1,"minecraft:birch_boat":1,"minecraft:red_wool":21,"minecraft:dandelion":1,"minecraft:gravel":55,"minecraft:sand":65,"minecraft:ink_sac":30,"minecraft:blast_furnace":1,"minecraft:spider_eye":4,"minecraft:dark_oak_log":23,"minecraft:mossy_cobblestone":1,"minecraft:leather_helmet":1,"additionalguns:desert_eagle":1,"minecraft:light_gray_concrete":8,"minecraft:iron_helmet":1,"minecraft:chainmail_leggings":1,"additionalguns:bullet_short":224,"minecraft:emerald":1,"minecraft:oak_sapling":12,"minecraft:black_wool":11,"minecraft:coal":23,"minecraft:crimson_roots":1},"minecraft:killed_by":{"minecraft:player":1,"minecraft:wither_skeleton":1,"minecraft:stray":1,"minecraft:creeper":2,"minecraft:pillager":1,"alexsmobs:elephant":1,"pillagershunts:archer_pillager":1,"minecraft:trader_llama":1,"minecraft:skeleton":9},"minecraft:mined":{"sophisticatedbackpacks:gold_backpack":1,"alexsmobs:leafcutter_anthill":2,"minecraft:jungle_leaves":5,"minecraft:dark_oak_log":15,"savage_and_ravage:potted_creeper_spores":1,"minecraft:granite":2,"minecraft:acacia_log":3,"minecraft:grass_block":460,"minecraft:jungle_log":52,"minecraft:light_gray_bed":2,"alexsmobs:leafcutter_ant_chamber":21,"minecraft:cartography_table":1,"minecraft:spawner":5,"minecraft:furnace":1,"minecraft:carrots":21,"minecraft:iron_ore":4,"minecraft:andesite":8,"minecraft:mossy_stone_brick_stairs":1,"minecraft:potatoes":44,"minecraft:dirt_path":1,"minecraft:vine":2,"minecraft:iron_bars":7,"minecraft:light_gray_concrete":8,"minecraft:stone":18,"minecraft:white_banner":1,"minecraft:white_wool":49,"minecraft:cake":1,"minecraft:red_wool":13,"minecraft:dandelion":2,"minecraft:crafting_table":4,"minecraft:torch":7,"minecraft:blast_furnace":1,"minecraft:poppy":2,"minecraft:melon":2,"iceandfire:fire_lily":1,"minecraft:copper_ore":29,"minecraft:tall_grass":12,"minecraft:sugar_cane":1,"minecraft:seagrass":1,"minecraft:coarse_dirt":11,"minecraft:birch_log":20,"minecraft:wheat":40,"minecraft:birch_leaves":2,"minecraft:jungle_fence":2,"minecraft:light_gray_wool":9,"minecraft:grass":336,"minecraft:coal_ore":14,"minecraft:gravel":65,"minecraft:sand":65,"minecraft:dirt":82,"minecraft:cracked_stone_bricks":3,"minecraft:acacia_planks":7,"minecraft:stone_bricks":5,"minecraft:oak_leaves":48,"minecraft:fern":100},"minecraft:custom":{"minecraft:mob_kills":153,"minecraft:animals_bred":1,"minecraft:interact_with_crafting_table":65,"minecraft:open_barrel":11,"minecraft:leave_game":13,"minecraft:time_since_death":53121,"minecraft:climb_one_cm":22534,"minecraft:sprint_one_cm":960157,"minecraft:walk_one_cm":859309,"minecraft:damage_blocked_by_shield":1453,"minecraft:drop":44,"minecraft:play_noteblock":1,"minecraft:target_hit":1,"minecraft:play_time":344630,"minecraft:sneak_time":3862,"minecraft:deaths":20,"minecraft:walk_under_water_one_cm":51621,"minecraft:boat_one_cm":1715521,"minecraft:jump":4486,"minecraft:walk_on_water_one_cm":44157,"minecraft:total_world_time":344630,"minecraft:interact_with_furnace":21,"minecraft:tune_noteblock":6,"minecraft:pot_flower":2,"minecraft:sleep_in_bed":17,"minecraft:time_since_rest":4924,"minecraft:damage_taken":4148,"minecraft:damage_dealt":12944,"minecraft:swim_one_cm":91645,"minecraft:fly_one_cm":1185645,"minecraft:open_chest":156,"minecraft:crouch_one_cm":8050,"minecraft:fall_one_cm":108385,"minecraft:horse_one_cm":802883},"minecraft:dropped":{"minecraft:wheat_seeds":13,"minecraft:glass_bottle":1,"minecraft:minecart":1,"minecraft:leather":1,"minecraft:saddle":1,"sophisticatedbackpacks:gold_backpack":1,"minecraft:dirt":183,"firstaid:bandage":4,"minecraft:raw_copper_block":12,"alexsmobs:leafcutter_ant_chamber":16,"minecraft:iron_pickaxe":1,"minecraft:chainmail_leggings":1,"minecraft:bone":2,"minecraft:coarse_dirt":11,"minecraft:stone_sword":2,"minecraft:raw_copper":37,"minecraft:rotten_flesh":6,"minecraft:carrot":6,"minecraft:poppy":2,"minecraft:rabbit_hide":1,"minecraft:leather_chestplate":2,"minecraft:shield":1,"minecraft:oak_sapling":4,"minecraft:chest":1},"minecraft:killed":{"minecraft:cave_spider":1,"alexsmobs:raccoon":1,"minecraft:spider":8,"minecraft:vindicator":4,"minecraft:cod":3,"alexsmobs:seagull":1,"minecraft:skeleton":29,"savage_and_ravage:griefer":1,"alexsmobs:leafcutter_ant":13,"alexsmobs:capuchin_monkey":1,"minecraft:silverfish":16,"alexsmobs:flying_fish":1,"minecraft:pig":2,"minecraft:bat":1,"minecraft:creeper":7,"minecraft:squid":1,"minecraft:sheep":7,"minecraft:trader_llama":1,"minecraft:pillager":14,"minecraft:zombie":16,"alexsmobs:terrapin":2,"minecraft:stray":2,"pillagershunts:pillager_hunter":2,"minecraft:wither_skeleton":10,"campsite_structures:camper":1,"minecraft:cow":3},"minecraft:used":{"additionalguns:usas12":69,"minecraft:iron_bars":3,"alexsmobs:rainbow_glass":1,"minecraft:iron_shovel":76,"minecraft:stone_shovel":878,"minecraft:chest":5,"minecraft:poppy":1,"minecraft:shield":65,"minecraft:iron_sword":170,"minecraft:cooked_chicken":2,"astikorcarts:animal_cart":5,"minecraft:stone_hoe":263,"minecraft:rotten_flesh":1,"minecraft:torch":56,"minecraft:dirt":109,"minecraft:mutton":7,"cgm:workbench":2,"minecraft:nether_bricks":1,"minecraft:carrot":85,"smallships:jungle_brigg":2,"minecraft:iron_hoe":19,"minecraft:wooden_axe":74,"minecraft:jungle_fence_gate":5,"minecraft:lantern":1,"minecraft:grass_block":42,"minecraft:barrel":3,"minecraft:red_carpet":1,"minecraft:bow":2,"minecraft:furnace":2,"minecraft:light_gray_bed":3,"minecraft:potato":173,"minecraft:cooked_beef":11,"minecraft:acacia_planks":4,"sophisticatedbackpacks:gold_backpack":2,"minecraft:wheat_seeds":43,"minecraft:water_bucket":14,"minecraft:baked_potato":1,"minecraft:stone_pickaxe":105,"minecraft:jungle_fence":51,"minecraft:wooden_pickaxe":9,"minecraft:birch_boat":1,"minecraft:golden_apple":1,"nzgexpansion:infantry_rifle":1,"minecraft:cracked_stone_bricks":14,"minecraft:mossy_cobblestone":1,"astikorcarts:plow":1,"minecraft:crafting_table":9,"minecraft:blast_furnace":1,"minecraft:light_gray_concrete_powder":8,"minecraft:cod":3,"minecraft:black_bed":1,"alexsmobs:flying_fish":1,"minecraft:apple":1,"minecraft:flower_pot":2,"additionalguns:desert_eagle":152,"minecraft:melon_slice":11,"minecraft:light_gray_concrete":2,"minecraft:bread":1,"minecraft:stone_axe":145,"minecraft:potion":6,"minecraft:white_banner":2,"minecraft:andesite":8,"minecraft:bucket":15,"iceandfire:fire_lily":1,"minecraft:bone_meal":13},"minecraft:crafted":{"minecraft:black_dye":10,"minecraft:light_gray_concrete_powder":8,"minecraft:jungle_fence_gate":1,"minecraft:stone_shovel":5,"minecraft:barrel":3,"minecraft:iron_nugget":36,"minecraft:cooked_chicken":6,"minecraft:furnace":2,"minecraft:bone_meal":117,"minecraft:raw_copper_block":12,"minecraft:cooked_mutton":6,"smallships:sail":2,"astikorcarts:animal_cart":1,"sophisticatedbackpacks:copper_backpack":1,"astikorcarts:plow":1,"minecraft:iron_hoe":1,"minecraft:chest":8,"minecraft:jungle_fence":15,"astikorcarts:wheel":4,"minecraft:dark_oak_planks":60,"minecraft:stone_hoe":2,"cgm:workbench":2,"sophisticatedbackpacks:iron_backpack":1,"smallships:jungle_brigg":1,"minecraft:cooked_beef":3,"sophisticatedbackpacks:backpack":1,"minecraft:crafting_table":6,"minecraft:jungle_boat":3,"minecraft:wooden_pickaxe":1,"minecraft:golden_pickaxe":1,"minecraft:copper_ingot":8,"sophisticatedbackpacks:gold_backpack":2,"minecraft:bucket":1,"minecraft:stone_axe":1,"minecraft:air":0,"minecraft:jungle_planks":112,"minecraft:dark_oak_slab":6,"minecraft:shield":2,"minecraft:white_dye":8,"minecraft:stick":72,"minecraft:iron_pickaxe":1,"minecraft:iron_ingot":4,"minecraft:wooden_axe":5,"firstaid:bandage":9,"minecraft:gold_ingot":5,"minecraft:light_gray_dye":12,"minecraft:acacia_planks":12}},"DataVersion":2975}