{"stats":{"minecraft:picked_up":{"minecraft:iron_chestplate":2,"minecraft:wheat":39,"minecraft:chainmail_boots":3,"minecraft:anvil":1,"minecraft:nether_brick_fence":2,"minecraft:flower_pot":2,"iceandfire:copper_ore":2,"minecraft:lead":4,"minecraft:diamond_sword":2,"minecraft:oak_stairs":15,"minecraft:enchanted_book":5,"minecraft:potion":1,"minecraft:brewing_stand":2,"additionalguns:awm":1,"iceandfire:armor_silver_metal_chestplate":1,"iceandfire:manuscript":3,"nzgexpansion:hunting_shotgun":1,"minecraft:music_disc_cat":2,"minecraft:string":99,"minecraft:raw_copper":149,"minecraft:iron_leggings":6,"minecraft:diamond_leggings":1,"minecraft:gold_nugget":70,"alexsmobs:banana":5,"minecraft:redstone_torch":1,"minecraft:iron_pickaxe":1,"minecraft:blue_wool":3,"minecraft:melon_slice":21,"minecraft:coal_block":33,"iceandfire:dragonscales_red":12,"minecraft:iron_boots":1,"alexsmobs:leafcutter_ant_chamber":20,"minecraft:furnace":32,"minecraft:tipped_arrow":5,"minecraft:stick":27,"iceandfire:ghost_chest":1,"minecraft:oak_fence":2,"iceandfire:armor_copper_metal_leggings":1,"minecraft:torch":41,"minecraft:acacia_log":3,"minecraft:spruce_stairs":1,"minecraft:porkchop":5,"iceandfire:lightning_dragon_flesh":3,"astikorcarts:animal_cart":5,"minecraft:pointed_dripstone":1,"minecraft:golden_chestplate":1,"nzgexpansion:infantry_rifle":2,"minecraft:black_dye":6,"minecraft:quartz_block":14,"minecraft:stone_sword":2,"minecraft:light_gray_bed":4,"minecraft:rotten_flesh":86,"nzgexpansion:medium_bullet":528,"minecraft:obsidian":23,"minecraft:iron_bars":44,"minecraft:cod":3,"alexsmobs:flying_fish":2,"minecraft:cobblestone":732,"iceandfire:dragonscales_black":10,"minecraft:birch_log":23,"minecraft:enchanting_table":1,"minecraft:jungle_pressure_plate":1,"minecraft:iron_door":1,"minecraft:andesite":8,"minecraft:jungle_log":549,"minecraft:golden_leggings":2,"minecraft:brown_wool":1,"minecraft:dark_oak_boat":3,"minecraft:potato":573,"alexsmobs:bear_fur":2,"minecraft:flint":5,"minecraft:tuff":2,"minecraft:light_gray_dye":4,"minecraft:dirt":1547,"minecraft:lantern":1,"minecraft:name_tag":1,"minecraft:leather_boots":4,"minecraft:bone":134,"minecraft:acacia_planks":7,"iceandfire:myrmex_jungle_resin":64,"minecraft:bow":7,"minecraft:wheat_seeds":205,"minecraft:mossy_stone_bricks":23,"minecraft:diamond_helmet":4,"minecraft:bamboo":207,"camera:image":1,"minecraft:mossy_stone_brick_stairs":1,"firstaid:plaster":7,"minecraft:music_disc_13":1,"minecraft:poisonous_potato":1,"minecraft:sand":65,"minecraft:jungle_planks":44,"iceandfire:stymphalian_bird_feather":11,"minecraft:nether_brick_stairs":2,"minecraft:ink_sac":30,"alexsmobs:animal_dictionary":1,"minecraft:dark_oak_log":32,"minecraft:barrel":3,"minecraft:mossy_cobblestone":8,"additionalguns:desert_eagle":1,"minecraft:light_gray_concrete":8,"additionalguns:bullet_short":480,"minecraft:bone_meal":1,"minecraft:golden_apple":1,"iceandfire:myrmex_jungle_biolight":3,"minecraft:chainmail_helmet":1,"minecraft:emerald":1,"alexsmobs:maggot":5,"minecraft:oak_sapling":19,"minecraft:netherrack":2,"minecraft:bricks":37,"iceandfire:dragon_skull_lightning":1,"minecraft:crimson_roots":1,"minecraft:diamond_pickaxe":1,"minecraft:fishing_rod":1,"iceandfire:copper_ingot":5,"sophisticatedbackpacks:gold_backpack":4,"minecraft:cocoa_beans":60,"minecraft:coarse_dirt":15,"minecraft:crafting_table":4,"iceandfire:witherbone":17,"minecraft:clay_ball":88,"iceandfire:fire_lily":2,"minecraft:diamond_horse_armor":1,"minecraft:brick":228,"additionalguns:casing_medium":240,"minecraft:shield":5,"minecraft:jungle_trapdoor":1,"minecraft:red_bed":4,"minecraft:wooden_sword":1,"camera:image_frame":3,"minecraft:iron_shovel":2,"additionalguns:bullet_medium":240,"iceandfire:graveyard_soil":1,"minecraft:cracked_stone_bricks":7,"additionalguns:usas12":1,"minecraft:cartography_table":1,"minecraft:beef":6,"minecraft:oak_boat":1,"minecraft:jungle_sapling":13,"minecraft:iron_nugget":7,"minecraft:poppy":7,"minecraft:light_gray_wool":16,"minecraft:minecart":1,"minecraft:sugar_cane":56,"minecraft:chest":5,"minecraft:birch_sapling":2,"minecraft:egg":2,"minecraft:phantom_membrane":6,"iceandfire:dragonbone":8,"minecraft:dark_oak_sapling":1,"minecraft:raw_iron":4,"iceandfire:chared_grass":1,"sophisticatedbackpacks:backpack":1,"minecraft:jungle_fence_gate":3,"minecraft:carrot":390,"minecraft:redstone":8,"alexsmobs:leafcutter_ant_pupa":3,"minecraft:dark_oak_planks":8,"minecraft:stone_pressure_plate":1,"minecraft:jungle_sign":1,"additionalguns:casing_short":480,"iceandfire:silver_ingot":4,"minecraft:arrow":98,"minecraft:diamond_chestplate":1,"minecraft:nether_bricks":5,"minecraft:diamond_boots":1,"firstaid:bandage":1,"minecraft:brick_stairs":4,"minecraft:mutton":10,"minecraft:white_wool":76,"minecraft:jungle_boat":3,"minecraft:tripwire_hook":1,"minecraft:leather":10,"additionalguns:bullet_long":64,"minecraft:jungle_fence":33,"minecraft:birch_planks":20,"alexsmobs:cachalot_whale_tooth":1,"savage_and_ravage:creeper_spores":2,"minecraft:oak_log":43,"minecraft:chainmail_chestplate":2,"iceandfire:ectoplasm":6,"minecraft:golden_boots":3,"minecraft:gunpowder":35,"minecraft:blue_bed":2,"minecraft:paper":3,"minecraft:white_banner":3,"minecraft:red_carpet":2,"minecraft:apple":8,"minecraft:stone_bricks":148,"minecraft:kelp":6,"minecraft:rabbit_hide":1,"minecraft:iron_ingot":25,"minecraft:stone_pickaxe":2,"minecraft:cobweb":4,"minecraft:glass_bottle":2,"sophisticatedbackpacks:diamond_backpack":3,"minecraft:scaffolding":75,"iceandfire:copper_nugget":4,"minecraft:birch_boat":2,"minecraft:chiseled_stone_bricks":6,"minecraft:red_wool":21,"minecraft:dandelion":2,"minecraft:gravel":60,"cgm:specialised_grip":1,"minecraft:blast_furnace":1,"minecraft:white_bed":1,"minecraft:spider_eye":14,"minecraft:leather_helmet":1,"minecraft:brick_slab":2,"minecraft:firework_rocket":3,"minecraft:diamond_shovel":2,"minecraft:slime_ball":2,"minecraft:chainmail_leggings":2,"minecraft:iron_helmet":4,"iceandfire:myrmex_jungle_egg":4,"minecraft:mossy_cobblestone_stairs":1,"minecraft:black_wool":11,"minecraft:coal":112},"minecraft:broken":{"minecraft:iron_shovel":1,"minecraft:stone_pickaxe":1,"minecraft:stone_axe":1,"minecraft:stone_shovel":5,"minecraft:stone_hoe":2,"minecraft:shield":1,"minecraft:iron_axe":1},"minecraft:used":{"additionalguns:usas12":69,"minecraft:iron_shovel":527,"minecraft:shield":189,"minecraft:poppy":4,"additionalguns:awm":1,"minecraft:chest":12,"minecraft:iron_sword":179,"minecraft:rotten_flesh":1,"nzgexpansion:hunting_shotgun":9,"minecraft:mutton":7,"minecraft:brick_slab":170,"minecraft:jungle_planks":1356,"minecraft:nether_bricks":3,"minecraft:carrot":184,"smallships:jungle_brigg":2,"additionalguns:ak105":91,"sophisticatedbackpacks:diamond_backpack":3,"minecraft:jungle_sapling":10,"minecraft:black_stained_glass_pane":79,"minecraft:bricks":1,"minecraft:grass_block":50,"minecraft:jungle_fence_gate":23,"minecraft:lantern":1,"minecraft:quartz_block":2,"nzgexpansion:machine_gun":59,"minecraft:stone_bricks":1928,"minecraft:scaffolding":88,"minecraft:red_carpet":1,"minecraft:oak_sapling":9,"minecraft:bow":52,"guardvillagers:guard_spawn_egg":4,"minecraft:dark_oak_boat":3,"minecraft:furnace":2,"minecraft:egg":2,"minecraft:potato":286,"minecraft:mossy_stone_bricks":22,"minecraft:damaged_anvil":2,"minecraft:stone_pickaxe":808,"minecraft:jungle_fence":126,"minecraft:oak_planks":63,"minecraft:ender_pearl":1,"minecraft:wooden_pickaxe":9,"minecraft:jungle_pressure_plate":3,"minecraft:blue_bed":2,"minecraft:jungle_boat":3,"minecraft:golden_apple":14,"astikorcarts:plow":1,"minecraft:blast_furnace":1,"minecraft:black_bed":1,"minecraft:shears":3,"minecraft:lever":1,"iceandfire:dragonbone_sword":3,"minecraft:stone_button":2,"minecraft:melon_slice":11,"minecraft:light_gray_concrete":2,"minecraft:string":14,"minecraft:bread":1,"nzgexpansion:battle_rifle":12,"minecraft:iron_door":1,"iceandfire:spawn_egg_myrmex_queen":1,"iceandfire:myrmex_resin_jungle":3,"minecraft:jungle_sign":1,"minecraft:diamond_sword":6,"minecraft:andesite":8,"iceandfire:fire_lily":1,"minecraft:oak_boat":1,"minecraft:bone_meal":13,"minecraft:cobweb":4,"minecraft:oak_fence":2,"camera:image_frame":4,"minecraft:iron_bars":36,"alexsmobs:rainbow_glass":1,"minecraft:flint_and_steel":18,"minecraft:stone_shovel":1026,"iceandfire:spawn_egg_myrmex_worker":2,"astikorcarts:animal_cart":6,"minecraft:stone_hoe":263,"minecraft:cooked_chicken":2,"minecraft:netherrack":2,"minecraft:anvil":4,"minecraft:dirt":397,"minecraft:torch":132,"minecraft:brewing_stand":1,"cgm:workbench":2,"iceandfire:copper_sword":191,"minecraft:hopper":1,"minecraft:chainmail_chestplate":1,"minecraft:jungle_trapdoor":3,"nzgexpansion:bullpup_rifle":76,"minecraft:nether_brick_stairs":1,"minecraft:iron_hoe":19,"minecraft:dark_oak_planks":13,"minecraft:wooden_axe":74,"alexsmobs:maggot":3,"minecraft:chipped_anvil":1,"minecraft:iron_axe":732,"minecraft:oak_stairs":54,"minecraft:brick_stairs":72,"minecraft:jungle_log":36,"minecraft:barrel":63,"nzgexpansion:submachine_gun":8,"minecraft:tripwire_hook":3,"minecraft:beef":3,"minecraft:cooked_beef":20,"minecraft:acacia_planks":4,"minecraft:light_gray_bed":4,"sophisticatedbackpacks:gold_backpack":5,"minecraft:wheat_seeds":43,"minecraft:cooked_mutton":4,"minecraft:water_bucket":17,"minecraft:dirt_path":1,"minecraft:baked_potato":126,"minecraft:cartography_table":1,"minecraft:birch_boat":2,"minecraft:stonecutter":1,"minecraft:cracked_stone_bricks":130,"minecraft:mossy_cobblestone":1,"nzgexpansion:infantry_rifle":254,"minecraft:red_bed":1,"minecraft:tnt":3,"minecraft:crafting_table":10,"minecraft:white_bed":3,"minecraft:light_gray_concrete_powder":8,"minecraft:cod":3,"minecraft:dark_oak_door":2,"alexsmobs:flying_fish":1,"minecraft:diamond_shovel":1136,"minecraft:flower_pot":2,"minecraft:apple":1,"additionalguns:desert_eagle":462,"minecraft:iron_pickaxe":4,"minecraft:jungle_stairs":14,"nzgexpansion:hunting_rifle":14,"minecraft:chiseled_stone_bricks":3,"minecraft:stone_axe":151,"minecraft:cobblestone":96,"minecraft:potion":21,"minecraft:white_banner":2,"minecraft:jungle_door":2,"iceandfire:chared_grass":1,"minecraft:bucket":17,"alexsmobs:animal_dictionary":3,"iceandfire:myrmex_resin_sticky_jungle":18,"minecraft:dandelion":1,"minecraft:splash_potion":6},"minecraft:crafted":{"minecraft:brick":160,"minecraft:black_dye":18,"minecraft:light_gray_concrete_powder":8,"minecraft:oak_planks":172,"minecraft:jungle_fence_gate":18,"additionalguns:desert_eagle":1,"minecraft:barrel":18,"minecraft:cooked_chicken":6,"minecraft:stone":559,"minecraft:lever":1,"minecraft:cooked_mutton":6,"smallships:sail":2,"minecraft:dark_oak_door":3,"minecraft:hopper":1,"astikorcarts:animal_cart":1,"sophisticatedbackpacks:copper_backpack":2,"astikorcarts:plow":1,"minecraft:chest":14,"minecraft:jungle_stairs":32,"minecraft:bricks":116,"astikorcarts:wheel":4,"minecraft:stone_hoe":2,"sophisticatedbackpacks:backpack":1,"minecraft:crafting_table":7,"minecraft:jungle_boat":3,"minecraft:wooden_pickaxe":1,"minecraft:baked_potato":166,"minecraft:jungle_pressure_plate":3,"minecraft:golden_pickaxe":1,"nzgexpansion:infantry_rifle":1,"minecraft:copper_ingot":8,"minecraft:gold_block":19,"iceandfire:copper_sword":1,"minecraft:dark_oak_slab":6,"minecraft:paper":18,"minecraft:shield":3,"camera:camera":1,"sophisticatedbackpacks:diamond_backpack":1,"minecraft:stick":153,"minecraft:iron_ingot":6,"minecraft:iron_pickaxe":1,"minecraft:gold_ingot":60,"minecraft:light_gray_dye":12,"minecraft:shears":2,"minecraft:stone_shovel":10,"minecraft:iron_nugget":81,"minecraft:brick_stairs":1,"minecraft:furnace":2,"minecraft:stone_button":3,"minecraft:jungle_trapdoor":4,"minecraft:bone_meal":117,"minecraft:raw_copper_block":12,"minecraft:glass_pane":80,"minecraft:flint_and_steel":1,"minecraft:scaffolding":54,"minecraft:iron_axe":3,"minecraft:iron_hoe":1,"minecraft:jungle_fence":90,"minecraft:dark_oak_planks":96,"cgm:workbench":2,"sophisticatedbackpacks:iron_backpack":2,"smallships:jungle_brigg":1,"minecraft:cooked_beef":3,"iceandfire:dragonbone_sword":2,"minecraft:blue_bed":1,"sophisticatedbackpacks:gold_backpack":3,"minecraft:bucket":1,"minecraft:stone_axe":1,"minecraft:jungle_slab":30,"minecraft:air":0,"minecraft:jungle_planks":1768,"minecraft:jungle_door":3,"minecraft:golden_apple":5,"minecraft:gold_nugget":54,"minecraft:white_dye":8,"minecraft:oak_stairs":40,"minecraft:wooden_axe":5,"minecraft:black_stained_glass_pane":64,"minecraft:iron_shovel":1,"firstaid:bandage":14,"minecraft:stonecutter":1,"minecraft:white_bed":2,"camera:image_frame":1,"minecraft:acacia_planks":12,"minecraft:torch":20},"minecraft:dropped":{"minecraft:nether_brick_stairs":1,"minecraft:iron_sword":1,"nzgexpansion:infantry_rifle":1,"minecraft:ender_pearl":2,"minecraft:glass_bottle":5,"minecraft:leather":1,"minecraft:saddle":2,"iceandfire:graveyard_soil":1,"sophisticatedbackpacks:gold_backpack":1,"minecraft:dirt":451,"firstaid:bandage":4,"minecraft:raw_copper_block":12,"minecraft:gold_nugget":9,"minecraft:iron_pickaxe":2,"minecraft:dark_oak_planks":6,"minecraft:white_wool":3,"minecraft:gold_ingot":80,"minecraft:bone":22,"minecraft:sugar_cane":2,"camera:image":2,"minecraft:rotten_flesh":19,"minecraft:diamond_shovel":1,"minecraft:nether_brick_fence":2,"minecraft:white_bed":1,"minecraft:carrot":88,"minecraft:poppy":2,"minecraft:rabbit_hide":1,"minecraft:leather_chestplate":2,"iceandfire:ghost_chest":1,"minecraft:gunpowder":11,"minecraft:chainmail_boots":1,"minecraft:chest":2,"minecraft:iron_bars":9,"minecraft:arrow":2,"iceandfire:armor_copper_metal_leggings":1,"minecraft:enchanted_book":2,"minecraft:wheat_seeds":18,"minecraft:golden_helmet":2,"minecraft:minecart":1,"minecraft:diamond_leggings":1,"minecraft:iron_helmet":1,"minecraft:coal_block":21,"minecraft:diamond_horse_armor":1,"alexsmobs:leafcutter_ant_chamber":19,"iceandfire:armor_silver_metal_chestplate":1,"minecraft:jungle_door":1,"minecraft:diamond_helmet":2,"minecraft:potion":3,"minecraft:iron_leggings":2,"minecraft:chainmail_leggings":2,"minecraft:paper":3,"additionalguns:usas12":1,"minecraft:coarse_dirt":11,"minecraft:stone_sword":2,"minecraft:raw_copper":37,"minecraft:experience_bottle":26,"iceandfire:myrmex_jungle_resin":373,"minecraft:nether_bricks":2,"minecraft:diamond_sword":1,"minecraft:shield":4,"minecraft:diamond_chestplate":1,"minecraft:diamond_pickaxe":1,"minecraft:iron_chestplate":2,"iceandfire:silver_ingot":2,"minecraft:oak_sapling":4,"minecraft:spider_eye":1,"minecraft:diamond_boots":1,"minecraft:bow":2},"minecraft:killed":{"minecraft:cave_spider":2,"minecraft:witch":1,"minecraft:spider":45,"minecraft:cod":3,"iceandfire:stymphalian_bird":3,"minecraft:skeleton":83,"savage_and_ravage:griefer":1,"alexsmobs:leafcutter_ant":21,"pillagershunts:assasin_pillager":1,"alexsmobs:capuchin_monkey":1,"minecraft:silverfish":16,"savage_and_ravage:creepie":1,"minecraft:pig":2,"alexsmobs:grizzly_bear":1,"minecraft:creeper":60,"minecraft:sheep":8,"minecraft:trader_llama":3,"minecraft:pillager":29,"minecraft:zombie":118,"alexsmobs:terrapin":2,"minecraft:stray":17,"alexsmobs:fly":6,"pillagershunts:pillager_hunter":4,"pillagershunts:archer_pillager":1,"minecraft:cow":3,"savage_and_ravage:skeleton_villager":1,"alexsmobs:raccoon":1,"minecraft:vindicator":5,"alexsmobs:seagull":1,"minecraft:phantom":3,"iceandfire:fire_dragon":1,"alexsmobs:flying_fish":1,"alexsmobs:rocky_roller":1,"minecraft:bat":1,"minecraft:wandering_trader":1,"minecraft:squid":2,"alexsmobs:catfish":1,"iceandfire:ghost":1,"minecraft:wither_skeleton":26,"campsite_structures:camper":5},"minecraft:killed_by":{"minecraft:zombie_villager":2,"minecraft:wither_skeleton":2,"minecraft:creeper":2,"minecraft:pillager":1,"alexsmobs:elephant":1,"pillagershunts:archer_pillager":1,"iceandfire:fire_dragon":4,"minecraft:player":2,"minecraft:stray":8,"minecraft:trader_llama":1,"minecraft:skeleton":14,"iceandfire:ghost":2},"minecraft:mined":{"minecraft:stone_pressure_plate":1,"alexsmobs:leafcutter_anthill":3,"sophisticatedbackpacks:gold_backpack":3,"minecraft:jungle_leaves":78,"savage_and_ravage:potted_creeper_spores":1,"minecraft:brewing_stand":1,"minecraft:granite":2,"minecraft:acacia_log":3,"minecraft:grass_block":1772,"minecraft:jungle_log":501,"minecraft:light_gray_bed":3,"minecraft:coal_block":35,"minecraft:blue_wool":3,"minecraft:chiseled_stone_bricks":1,"minecraft:spawner":31,"minecraft:iron_ore":4,"minecraft:barrel":3,"minecraft:fire":9,"minecraft:anvil":1,"minecraft:nether_brick_stairs":2,"minecraft:dirt_path":1,"minecraft:oak_stairs":14,"minecraft:iron_bars":39,"minecraft:light_gray_concrete":8,"minecraft:jungle_pressure_plate":1,"minecraft:white_banner":1,"minecraft:tripwire":5,"minecraft:jungle_trapdoor":1,"minecraft:brown_mushroom":1,"minecraft:quartz_block":11,"minecraft:red_bed":4,"minecraft:powder_snow":8,"minecraft:clay":6,"minecraft:torch":20,"minecraft:blast_furnace":1,"iceandfire:ghost_chest":1,"minecraft:poppy":5,"minecraft:melon":2,"iceandfire:fire_lily":1,"minecraft:cobblestone":18,"minecraft:sugar_cane":30,"minecraft:bricks":1,"minecraft:iron_door":1,"minecraft:wall_torch":8,"minecraft:seagrass":3,"sophisticatedbackpacks:diamond_backpack":3,"minecraft:birch_log":20,"minecraft:wheat":40,"minecraft:light_gray_wool":9,"minecraft:grass":448,"minecraft:oak_log":21,"minecraft:sand":65,"minecraft:dirt":528,"minecraft:netherrack":2,"minecraft:oak_leaves":130,"minecraft:dark_oak_log":24,"minecraft:nether_bricks":4,"minecraft:jungle_planks":37,"minecraft:brick_stairs":4,"alexsmobs:leafcutter_ant_chamber":32,"minecraft:cartography_table":1,"minecraft:black_stained_glass_pane":4,"minecraft:furnace":1,"minecraft:carrots":108,"iceandfire:copper_ore":2,"minecraft:andesite":8,"minecraft:mossy_stone_brick_stairs":1,"minecraft:potatoes":157,"minecraft:vine":15,"minecraft:bamboo":22,"minecraft:white_wool":49,"minecraft:jungle_fence_gate":3,"minecraft:stone":392,"sophisticatedbackpacks:backpack":1,"minecraft:cake":1,"minecraft:scaffolding":32,"minecraft:red_wool":13,"minecraft:dandelion":3,"minecraft:jungle_sign":1,"minecraft:oak_fence":2,"minecraft:crafting_table":4,"minecraft:copper_ore":36,"minecraft:tall_grass":21,"minecraft:blue_bed":2,"minecraft:coarse_dirt":15,"minecraft:brick_slab":1,"minecraft:birch_leaves":2,"minecraft:jungle_fence":33,"minecraft:white_wall_banner":1,"minecraft:coal_ore":92,"minecraft:gravel":71,"minecraft:cracked_stone_bricks":5,"minecraft:acacia_planks":7,"minecraft:stone_bricks":82,"minecraft:fern":137,"minecraft:dark_oak_planks":5},"minecraft:custom":{"minecraft:animals_bred":3,"minecraft:interact_with_crafting_table":125,"minecraft:open_barrel":62,"minecraft:leave_game":20,"minecraft:time_since_death":56940,"minecraft:sprint_one_cm":4361102,"minecraft:damage_blocked_by_shield":6671,"minecraft:drop":574,"minecraft:play_noteblock":1,"minecraft:play_time":1281162,"minecraft:deaths":42,"minecraft:jump":20373,"minecraft:walk_on_water_one_cm":128572,"minecraft:interact_with_furnace":109,"minecraft:sleep_in_bed":55,"minecraft:damage_dealt":24059,"minecraft:player_kills":2,"minecraft:crouch_one_cm":118402,"minecraft:horse_one_cm":1563624,"minecraft:interact_with_anvil":45,"minecraft:mob_kills":491,"minecraft:inspect_hopper":40,"minecraft:damage_dealt_resisted":82,"minecraft:climb_one_cm":131024,"minecraft:walk_one_cm":2926470,"minecraft:damage_dealt_absorbed":120,"minecraft:target_hit":20,"minecraft:raid_win":1,"minecraft:sneak_time":38796,"minecraft:walk_under_water_one_cm":125927,"minecraft:boat_one_cm":1780344,"minecraft:interact_with_blast_furnace":10,"minecraft:total_world_time":1281162,"minecraft:tune_noteblock":6,"minecraft:raid_trigger":1,"minecraft:pot_flower":2,"minecraft:interact_with_stonecutter":43,"minecraft:time_since_rest":5004,"minecraft:damage_taken":11084,"minecraft:trigger_trapped_chest":1,"minecraft:swim_one_cm":193797,"minecraft:fly_one_cm":5975218,"minecraft:open_chest":713,"minecraft:fall_one_cm":549229}},"DataVersion":2975}