{"stats":{"minecraft:broken":{"minecraft:iron_shovel":1,"minecraft:stone_pickaxe":1,"minecraft:stone_axe":1,"minecraft:stone_shovel":5,"minecraft:stone_hoe":2,"minecraft:shield":1},"minecraft:picked_up":{"minecraft:wheat":39,"minecraft:chainmail_boots":1,"minecraft:flower_pot":2,"minecraft:diamond_sword":1,"minecraft:lead":3,"minecraft:oak_stairs":13,"minecraft:potion":1,"minecraft:enchanted_book":5,"minecraft:brewing_stand":2,"minecraft:music_disc_cat":2,"iceandfire:manuscript":3,"minecraft:string":64,"minecraft:raw_copper":116,"minecraft:iron_leggings":3,"minecraft:gold_nugget":70,"alexsmobs:banana":4,"minecraft:redstone_torch":1,"minecraft:melon_slice":21,"minecraft:iron_boots":1,"minecraft:furnace":1,"alexsmobs:leafcutter_ant_chamber":20,"minecraft:tipped_arrow":5,"minecraft:stick":17,"iceandfire:ghost_chest":1,"minecraft:acacia_log":3,"minecraft:torch":30,"minecraft:spruce_stairs":1,"minecraft:porkchop":5,"astikorcarts:animal_cart":5,"minecraft:pointed_dripstone":1,"minecraft:golden_chestplate":1,"minecraft:black_dye":6,"minecraft:quartz_block":14,"minecraft:stone_sword":2,"minecraft:rotten_flesh":41,"minecraft:light_gray_bed":4,"minecraft:iron_bars":30,"minecraft:cod":3,"alexsmobs:flying_fish":1,"minecraft:cobblestone":116,"minecraft:birch_log":23,"minecraft:enchanting_table":1,"minecraft:iron_door":1,"minecraft:andesite":8,"minecraft:jungle_log":188,"minecraft:brown_wool":1,"minecraft:golden_leggings":2,"minecraft:potato":566,"minecraft:flint":5,"minecraft:tuff":2,"minecraft:light_gray_dye":4,"minecraft:dirt":1168,"minecraft:lantern":1,"minecraft:leather_boots":4,"minecraft:bone":113,"minecraft:acacia_planks":7,"minecraft:bow":6,"minecraft:wheat_seeds":161,"minecraft:mossy_stone_bricks":23,"minecraft:diamond_helmet":1,"minecraft:mossy_stone_brick_stairs":1,"firstaid:plaster":4,"minecraft:music_disc_13":1,"minecraft:poisonous_potato":1,"minecraft:jungle_planks":2,"minecraft:sand":65,"minecraft:ink_sac":30,"minecraft:dark_oak_log":23,"minecraft:mossy_cobblestone":8,"additionalguns:desert_eagle":1,"minecraft:light_gray_concrete":8,"additionalguns:bullet_short":224,"minecraft:emerald":1,"alexsmobs:maggot":2,"minecraft:oak_sapling":13,"minecraft:crimson_roots":1,"sophisticatedbackpacks:gold_backpack":3,"minecraft:fishing_rod":1,"minecraft:cocoa_beans":36,"minecraft:crafting_table":4,"minecraft:coarse_dirt":15,"iceandfire:witherbone":17,"iceandfire:fire_lily":1,"minecraft:diamond_horse_armor":1,"minecraft:shield":5,"minecraft:iron_shovel":2,"iceandfire:graveyard_soil":1,"minecraft:cracked_stone_bricks":6,"minecraft:cartography_table":1,"minecraft:beef":3,"minecraft:jungle_sapling":4,"minecraft:iron_nugget":7,"minecraft:poppy":7,"minecraft:light_gray_wool":16,"minecraft:minecart":1,"minecraft:chest":4,"minecraft:sugar_cane":4,"minecraft:birch_sapling":2,"minecraft:phantom_membrane":3,"minecraft:dark_oak_sapling":1,"minecraft:raw_iron":4,"minecraft:carrot":275,"minecraft:redstone":8,"alexsmobs:leafcutter_ant_pupa":3,"minecraft:stone_pressure_plate":1,"minecraft:jungle_sign":1,"additionalguns:casing_short":224,"iceandfire:silver_ingot":4,"minecraft:arrow":77,"minecraft:nether_bricks":1,"minecraft:mutton":7,"minecraft:white_wool":66,"minecraft:leather":10,"minecraft:jungle_fence":2,"minecraft:birch_planks":20,"alexsmobs:cachalot_whale_tooth":1,"savage_and_ravage:creeper_spores":2,"minecraft:oak_log":28,"minecraft:chainmail_chestplate":2,"iceandfire:ectoplasm":6,"minecraft:golden_boots":3,"minecraft:gunpowder":12,"minecraft:white_banner":2,"minecraft:red_carpet":2,"minecraft:apple":3,"minecraft:stone_bricks":35,"minecraft:kelp":6,"minecraft:rabbit_hide":1,"minecraft:stone_pickaxe":2,"minecraft:iron_ingot":24,"minecraft:cobweb":4,"minecraft:glass_bottle":2,"minecraft:birch_boat":1,"minecraft:chiseled_stone_bricks":6,"minecraft:red_wool":21,"minecraft:dandelion":2,"minecraft:gravel":55,"minecraft:blast_furnace":1,"minecraft:spider_eye":8,"minecraft:leather_helmet":1,"minecraft:slime_ball":2,"minecraft:chainmail_leggings":1,"minecraft:iron_helmet":3,"minecraft:mossy_cobblestone_stairs":1,"minecraft:black_wool":11,"minecraft:coal":34},"minecraft:killed_by":{"minecraft:wither_skeleton":2,"minecraft:creeper":2,"minecraft:pillager":1,"alexsmobs:elephant":1,"pillagershunts:archer_pillager":1,"minecraft:player":2,"minecraft:stray":8,"minecraft:trader_llama":1,"minecraft:skeleton":14,"iceandfire:ghost":2},"minecraft:custom":{"minecraft:animals_bred":1,"minecraft:interact_with_crafting_table":77,"minecraft:open_barrel":25,"minecraft:leave_game":15,"minecraft:time_since_death":17548,"minecraft:sprint_one_cm":1762058,"minecraft:damage_blocked_by_shield":4641,"minecraft:drop":68,"minecraft:play_noteblock":1,"minecraft:play_time":576439,"minecraft:deaths":36,"minecraft:jump":8271,"minecraft:walk_on_water_one_cm":69586,"minecraft:interact_with_furnace":50,"minecraft:sleep_in_bed":29,"minecraft:damage_dealt":19680,"minecraft:player_kills":2,"minecraft:crouch_one_cm":27059,"minecraft:horse_one_cm":1382715,"minecraft:interact_with_anvil":5,"minecraft:mob_kills":257,"minecraft:inspect_hopper":1,"minecraft:climb_one_cm":60393,"minecraft:walk_one_cm":1493192,"minecraft:target_hit":1,"minecraft:sneak_time":10940,"minecraft:walk_under_water_one_cm":57086,"minecraft:boat_one_cm":1775658,"minecraft:interact_with_blast_furnace":3,"minecraft:total_world_time":576439,"minecraft:tune_noteblock":6,"minecraft:pot_flower":2,"minecraft:interact_with_stonecutter":13,"minecraft:time_since_rest":10202,"minecraft:damage_taken":7712,"minecraft:trigger_trapped_chest":1,"minecraft:swim_one_cm":116286,"minecraft:fly_one_cm":2122796,"minecraft:open_chest":282,"minecraft:fall_one_cm":228797},"minecraft:mined":{"minecraft:stone_pressure_plate":1,"sophisticatedbackpacks:gold_backpack":2,"alexsmobs:leafcutter_anthill":3,"minecraft:jungle_leaves":22,"minecraft:brewing_stand":1,"savage_and_ravage:potted_creeper_spores":1,"minecraft:granite":2,"minecraft:acacia_log":3,"minecraft:grass_block":1012,"minecraft:jungle_log":140,"minecraft:light_gray_bed":3,"minecraft:chiseled_stone_bricks":1,"minecraft:spawner":24,"minecraft:fire":3,"minecraft:iron_ore":4,"minecraft:dirt_path":1,"minecraft:oak_stairs":13,"minecraft:iron_bars":25,"minecraft:light_gray_concrete":8,"minecraft:white_banner":1,"minecraft:brown_mushroom":1,"minecraft:quartz_block":11,"minecraft:torch":14,"minecraft:blast_furnace":1,"minecraft:poppy":5,"minecraft:melon":2,"iceandfire:ghost_chest":1,"iceandfire:fire_lily":1,"minecraft:cobblestone":1,"minecraft:sugar_cane":1,"minecraft:iron_door":1,"minecraft:wall_torch":5,"minecraft:seagrass":1,"minecraft:birch_log":20,"minecraft:wheat":40,"minecraft:light_gray_wool":9,"minecraft:grass":362,"minecraft:oak_log":1,"minecraft:sand":65,"minecraft:dirt":113,"minecraft:oak_leaves":91,"minecraft:dark_oak_log":15,"minecraft:jungle_planks":2,"alexsmobs:leafcutter_ant_chamber":32,"minecraft:cartography_table":1,"minecraft:furnace":1,"minecraft:carrots":78,"minecraft:andesite":8,"minecraft:mossy_stone_brick_stairs":1,"minecraft:potatoes":156,"minecraft:vine":10,"minecraft:stone":74,"minecraft:white_wool":49,"minecraft:cake":1,"minecraft:red_wool":13,"minecraft:dandelion":3,"minecraft:jungle_sign":1,"minecraft:crafting_table":4,"minecraft:tall_grass":12,"minecraft:copper_ore":29,"minecraft:coarse_dirt":15,"minecraft:birch_leaves":2,"minecraft:jungle_fence":2,"minecraft:coal_ore":14,"minecraft:gravel":66,"minecraft:cracked_stone_bricks":4,"minecraft:acacia_planks":7,"minecraft:stone_bricks":27,"minecraft:fern":107},"minecraft:dropped":{"minecraft:glass_bottle":3,"minecraft:leather":1,"minecraft:saddle":2,"iceandfire:graveyard_soil":1,"sophisticatedbackpacks:gold_backpack":1,"minecraft:dirt":247,"firstaid:bandage":4,"minecraft:raw_copper_block":12,"minecraft:gold_nugget":9,"minecraft:iron_pickaxe":1,"minecraft:bone":3,"minecraft:sugar_cane":2,"minecraft:rotten_flesh":18,"minecraft:carrot":6,"minecraft:poppy":2,"minecraft:rabbit_hide":1,"minecraft:leather_chestplate":2,"iceandfire:ghost_chest":1,"minecraft:chest":1,"minecraft:wheat_seeds":13,"minecraft:minecart":1,"alexsmobs:leafcutter_ant_chamber":19,"minecraft:potion":3,"minecraft:iron_leggings":2,"minecraft:chainmail_leggings":1,"minecraft:coarse_dirt":11,"minecraft:stone_sword":2,"minecraft:raw_copper":37,"minecraft:shield":4,"iceandfire:silver_ingot":2,"minecraft:oak_sapling":4,"minecraft:spider_eye":1,"minecraft:bow":1},"minecraft:killed":{"minecraft:cave_spider":2,"minecraft:spider":15,"minecraft:cod":3,"minecraft:skeleton":44,"savage_and_ravage:griefer":1,"alexsmobs:leafcutter_ant":20,"alexsmobs:capuchin_monkey":1,"pillagershunts:assasin_pillager":1,"minecraft:silverfish":16,"minecraft:pig":2,"minecraft:creeper":11,"minecraft:sheep":7,"minecraft:trader_llama":3,"minecraft:pillager":15,"minecraft:zombie":45,"alexsmobs:terrapin":2,"minecraft:stray":17,"alexsmobs:fly":2,"pillagershunts:pillager_hunter":2,"minecraft:cow":3,"savage_and_ravage:skeleton_villager":1,"alexsmobs:raccoon":1,"minecraft:vindicator":4,"alexsmobs:seagull":1,"alexsmobs:rocky_roller":1,"alexsmobs:flying_fish":1,"minecraft:bat":1,"minecraft:wandering_trader":1,"minecraft:squid":1,"iceandfire:ghost":1,"minecraft:wither_skeleton":26,"campsite_structures:camper":2},"minecraft:used":{"additionalguns:usas12":69,"minecraft:iron_shovel":520,"minecraft:poppy":4,"minecraft:chest":10,"minecraft:shield":143,"minecraft:iron_sword":179,"minecraft:rotten_flesh":1,"minecraft:mutton":7,"minecraft:jungle_planks":549,"minecraft:nether_bricks":1,"minecraft:carrot":153,"smallships:jungle_brigg":2,"minecraft:jungle_fence_gate":5,"minecraft:lantern":1,"minecraft:grass_block":42,"minecraft:quartz_block":2,"minecraft:stone_bricks":336,"minecraft:red_carpet":1,"minecraft:bow":7,"minecraft:oak_sapling":5,"minecraft:furnace":2,"minecraft:egg":1,"minecraft:potato":285,"minecraft:stone_pickaxe":249,"minecraft:jungle_fence":51,"minecraft:oak_planks":63,"minecraft:ender_pearl":1,"minecraft:wooden_pickaxe":9,"minecraft:golden_apple":3,"astikorcarts:plow":1,"minecraft:blast_furnace":1,"minecraft:black_bed":1,"minecraft:light_gray_concrete":2,"minecraft:melon_slice":11,"minecraft:bread":1,"minecraft:jungle_sign":1,"minecraft:andesite":8,"iceandfire:fire_lily":1,"minecraft:bone_meal":13,"minecraft:cobweb":4,"minecraft:iron_bars":17,"alexsmobs:rainbow_glass":1,"minecraft:flint_and_steel":12,"minecraft:stone_shovel":1014,"astikorcarts:animal_cart":5,"minecraft:stone_hoe":263,"minecraft:cooked_chicken":2,"minecraft:torch":78,"minecraft:brewing_stand":1,"minecraft:dirt":119,"cgm:workbench":2,"minecraft:hopper":1,"iceandfire:copper_sword":152,"minecraft:iron_hoe":19,"minecraft:wooden_axe":74,"minecraft:iron_axe":134,"minecraft:oak_stairs":19,"minecraft:barrel":3,"minecraft:cooked_beef":18,"minecraft:acacia_planks":4,"minecraft:light_gray_bed":4,"sophisticatedbackpacks:gold_backpack":4,"minecraft:wheat_seeds":43,"minecraft:cooked_mutton":4,"minecraft:water_bucket":15,"minecraft:baked_potato":21,"minecraft:birch_boat":1,"minecraft:stonecutter":1,"minecraft:cracked_stone_bricks":15,"minecraft:mossy_cobblestone":1,"nzgexpansion:infantry_rifle":1,"minecraft:tnt":3,"minecraft:crafting_table":9,"minecraft:light_gray_concrete_powder":8,"minecraft:cod":3,"alexsmobs:flying_fish":1,"minecraft:flower_pot":2,"minecraft:apple":1,"additionalguns:desert_eagle":322,"minecraft:stone_axe":151,"minecraft:chiseled_stone_bricks":3,"minecraft:cobblestone":26,"minecraft:potion":12,"minecraft:white_banner":2,"minecraft:bucket":15,"minecraft:dandelion":1},"minecraft:crafted":{"minecraft:black_dye":10,"minecraft:light_gray_concrete_powder":8,"minecraft:oak_planks":112,"minecraft:jungle_fence_gate":1,"additionalguns:desert_eagle":1,"minecraft:barrel":3,"minecraft:cooked_chicken":6,"minecraft:stone":146,"minecraft:cooked_mutton":6,"smallships:sail":2,"minecraft:hopper":1,"astikorcarts:animal_cart":1,"sophisticatedbackpacks:copper_backpack":1,"astikorcarts:plow":1,"minecraft:chest":12,"astikorcarts:wheel":4,"minecraft:stone_hoe":2,"sophisticatedbackpacks:backpack":1,"minecraft:crafting_table":6,"minecraft:jungle_boat":3,"minecraft:wooden_pickaxe":1,"minecraft:baked_potato":46,"minecraft:golden_pickaxe":1,"minecraft:copper_ingot":8,"minecraft:dark_oak_slab":6,"minecraft:shield":2,"minecraft:stick":72,"minecraft:iron_pickaxe":1,"minecraft:iron_ingot":6,"minecraft:gold_ingot":5,"minecraft:light_gray_dye":12,"minecraft:stone_shovel":10,"minecraft:iron_nugget":36,"minecraft:furnace":2,"minecraft:bone_meal":117,"minecraft:raw_copper_block":12,"minecraft:flint_and_steel":1,"minecraft:iron_axe":2,"minecraft:iron_hoe":1,"minecraft:jungle_fence":15,"minecraft:dark_oak_planks":60,"cgm:workbench":2,"sophisticatedbackpacks:iron_backpack":1,"smallships:jungle_brigg":1,"minecraft:cooked_beef":3,"sophisticatedbackpacks:gold_backpack":2,"minecraft:bucket":1,"minecraft:stone_axe":1,"minecraft:air":0,"minecraft:jungle_planks":704,"minecraft:gold_nugget":9,"minecraft:white_dye":8,"minecraft:oak_stairs":16,"minecraft:wooden_axe":5,"minecraft:iron_shovel":1,"firstaid:bandage":9,"minecraft:stonecutter":1,"minecraft:acacia_planks":12}},"DataVersion":2975}