{"stats":{"minecraft:broken":{"iceandfire:armor_gray_helmet":1},"minecraft:custom":{"minecraft:interact_with_crafting_table":20,"minecraft:open_barrel":109,"minecraft:leave_game":3,"minecraft:time_since_death":9450,"minecraft:damage_resisted":116,"minecraft:sprint_one_cm":701415,"minecraft:damage_blocked_by_shield":720,"minecraft:drop":70,"minecraft:talked_to_villager":3,"minecraft:play_time":382383,"minecraft:deaths":24,"minecraft:jump":4060,"minecraft:interact_with_brewingstand":2,"minecraft:walk_on_water_one_cm":58034,"minecraft:interact_with_furnace":1,"minecraft:sleep_in_bed":5,"minecraft:damage_dealt":3459,"minecraft:player_kills":2,"minecraft:crouch_one_cm":15322,"minecraft:interact_with_smoker":1,"minecraft:horse_one_cm":198095,"minecraft:mob_kills":439,"minecraft:interact_with_anvil":11,"minecraft:climb_one_cm":25123,"minecraft:walk_one_cm":990775,"minecraft:damage_dealt_absorbed":80,"minecraft:sneak_time":7035,"minecraft:walk_under_water_one_cm":96585,"minecraft:boat_one_cm":3882603,"minecraft:interact_with_blast_furnace":8,"minecraft:total_world_time":382383,"minecraft:time_since_rest":9485,"minecraft:damage_taken":6245,"minecraft:swim_one_cm":80588,"minecraft:fly_one_cm":1297406,"minecraft:open_chest":123,"minecraft:fall_one_cm":61293},"minecraft:killed":{"minecraft:cave_spider":2,"minecraft:zombified_piglin":13,"minecraft:spider":26,"minecraft:cod":12,"minecraft:skeleton":21,"pillagershunts:assasin_pillager":3,"iceandfire:dread_scuttler":16,"minecraft:piglin_brute":6,"minecraft:piglin":13,"minecraft:pig":2,"minecraft:zombie_villager":1,"minecraft:salmon":4,"stalwart_dungeons:giddy_blaze":8,"alexsmobs:seal":3,"minecraft:strider":1,"minecraft:creeper":24,"minecraft:trader_llama":2,"minecraft:pillager":2,"minecraft:zombie":58,"alexsmobs:cachalot_whale":3,"minecraft:stray":34,"alexsmobs:fly":2,"iceandfire:dread_ghoul":14,"pillagershunts:pillager_hunter":3,"pillagershunts:archer_pillager":2,"minecraft:blaze":10,"minecraft:cow":1,"alexsmobs:raccoon":1,"alexsmobs:tasmanian_devil":1,"alexsmobs:seagull":2,"iceandfire:dread_beast":23,"iceandfire:dread_knight":24,"iceandfire:dread_thrall":23,"iceandfire:siren":3,"stalwart_dungeons:nether_wart_cocoon":4,"alexsmobs:comb_jelly":1,"alexsmobs:tusklin":2,"minecraft:rabbit":1,"minecraft:wandering_trader":1,"stalwart_dungeons:nether_keeper":1,"alexsmobs:crocodile":3,"savage_and_ravage:iceologer":1,"minecraft:wither_skeleton":32,"campsite_structures:camper":3,"minecraft:villager":1,"minecraft:enderman":3},"minecraft:used":{"additionalguns:usas12":978,"minecraft:iron_shovel":1,"minecraft:bone_block":1,"sophisticatedbackpacks:copper_backpack":2,"iceandfire:dragon_skull_ice":2,"additionalguns:awm":65,"minecraft:chest":2,"minecraft:shield":26,"minecraft:stone":19,"minecraft:iron_sword":72,"minecraft:nether_wart":27,"minecraft:soul_sand":23,"minecraft:nether_bricks":5,"iceandfire:frozen_stone":9,"minecraft:obsidian":6,"iceandfire:dread_torch":1,"stalwart_dungeons:spore_vaporizer":1,"minecraft:stone_bricks":24,"minecraft:item_frame":1,"minecraft:magma_block":3,"minecraft:brown_carpet":3,"iceandfire:frozen_cobblestone":2,"minecraft:mossy_stone_bricks":5,"minecraft:wither_skeleton_skull":2,"minecraft:blackstone":1,"stalwart_dungeons:transient_block_close":2,"minecraft:golden_apple":1,"iceandfire:dragonforge_ice_input":1,"minecraft:bread":20,"minecraft:string":2,"iceandfire:ice_dragon_flesh":1,"minecraft:gravel":6,"minecraft:coal_block":1,"minecraft:andesite":1,"iceandfire:dragon_bone_block":4,"minecraft:golden_pickaxe":29,"additionalguns:python":591,"minecraft:iron_bars":14,"iceandfire:dragonforge_ice_brick":7,"minecraft:flint_and_steel":3,"minecraft:spruce_planks":14,"minecraft:torch":63,"minecraft:dirt":1,"minecraft:anvil":2,"minecraft:spruce_stairs":1,"sophisticatedbackpacks:netherite_backpack":2,"minecraft:smooth_basalt":1,"minecraft:enchanted_golden_apple":3,"minecraft:light_gray_bed":1,"minecraft:water_bucket":2,"iceandfire:dread_knight_sword":3,"minecraft:chiseled_nether_bricks":1,"minecraft:cracked_stone_bricks":5,"minecraft:mossy_cobblestone":1,"minecraft:tnt":5,"minecraft:crafting_table":1,"iceandfire:dragonegg_white":2,"smallships:oak_brigg":1,"minecraft:diamond_pickaxe":593,"minecraft:cracked_nether_bricks":1,"minecraft:cobblestone":1,"minecraft:potion":2,"minecraft:cooked_porkchop":2,"minecraft:bucket":2,"minecraft:splash_potion":2},"minecraft:picked_up":{"minecraft:iron_chestplate":1,"minecraft:chainmail_boots":2,"minecraft:prismarine_shard":3,"minecraft:anvil":1,"iceandfire:copper_ore":1,"minecraft:lead":2,"iceandfire:dragonegg_white":2,"savage_and_ravage:wand_of_freezing":1,"minecraft:enchanted_book":1,"minecraft:potion":1,"minecraft:nether_brick":18,"iceandfire:manuscript":100,"minecraft:string":25,"minecraft:raw_copper":28,"minecraft:iron_leggings":1,"minecraft:gold_nugget":4,"iceandfire:frost_lily":3,"iceandfire:dragonforge_ice_brick":7,"iceandfire:myrmex_desert_resin":123,"minecraft:iron_pickaxe":1,"minecraft:enchanted_golden_apple":79,"alexsmobs:raccoon_tail":1,"minecraft:coal_block":3,"sophisticatedbackpacks:netherite_backpack":1,"minecraft:iron_boots":2,"minecraft:golden_helmet":1,"minecraft:tipped_arrow":6,"minecraft:stick":8,"endrem:evil_eye":1,"minecraft:torch":6,"minecraft:spruce_stairs":1,"iceandfire:silver_ore":1,"minecraft:porkchop":19,"minecraft:chiseled_nether_bricks":1,"minecraft:brown_carpet":3,"minecraft:quartz_block":2,"minecraft:stone_sword":2,"minecraft:light_gray_bed":1,"minecraft:rotten_flesh":58,"minecraft:blaze_rod":12,"minecraft:obsidian":6,"minecraft:snowball":16,"minecraft:iron_bars":14,"minecraft:cod":18,"minecraft:cobblestone":164,"iceandfire:sapphire_gem":19,"minecraft:magma_block":3,"minecraft:leather_chestplate":1,"minecraft:feather":3,"minecraft:andesite":26,"minecraft:flint":1,"minecraft:wither_skeleton_skull":2,"minecraft:lapis_lazuli":14,"minecraft:dirt":1,"minecraft:bone":95,"minecraft:bow":3,"minecraft:raw_gold":1,"minecraft:mossy_stone_bricks":4,"minecraft:chiseled_polished_blackstone":1,"minecraft:cooked_porkchop":11,"iceandfire:shiny_scales":22,"iceandfire:dragonarmor_iron_neck":1,"minecraft:grass_block":2,"minecraft:mossy_cobblestone":2,"iceandfire:dragon_bone_block":4,"stalwart_dungeons:spore_vaporizer":4,"minecraft:light_blue_terracotta":1,"minecraft:cracked_polished_blackstone_bricks":11,"minecraft:granite":2,"minecraft:chainmail_helmet":7,"minecraft:bread":120,"minecraft:netherrack":9,"iceandfire:silver_nugget":210,"iceandfire:witherbone":15,"minecraft:chicken":1,"minecraft:nether_wart":10,"minecraft:leather_leggings":2,"minecraft:golden_pickaxe":1,"minecraft:gold_block":8,"iceandfire:frozen_cobblestone":43,"minecraft:shield":3,"nzgexpansion:machine_gun":1,"iceandfire:frozen_stone":35,"minecraft:white_carpet":1,"minecraft:item_frame":1,"minecraft:iron_shovel":1,"minecraft:blackstone":27,"minecraft:cracked_stone_bricks":6,"additionalguns:usas12":2,"minecraft:beef":1,"iceandfire:dread_knight_sword":4,"iceandfire:dread_shard":47,"minecraft:iron_nugget":2,"minecraft:chest":1,"minecraft:raw_iron":4,"iceandfire:dragonbone":72,"minecraft:stone":2,"iceandfire:troll_tusk":84,"stalwart_dungeons:ancient_fire":17,"minecraft:polished_blackstone_bricks":2,"minecraft:carrot":2,"minecraft:redstone":8,"minecraft:prismarine_crystals":2,"alexsmobs:crocodile_scute":1,"iceandfire:dragon_skull_ice":4,"iceandfire:sea_serpent_scales_purple":2,"minecraft:arrow":12,"minecraft:pumpkin_pie":48,"minecraft:nether_bricks":6,"sophisticatedbackpacks:copper_backpack":2,"minecraft:mutton":4,"iceandfire:sea_serpent_fang":65,"minecraft:glow_ink_sac":5,"minecraft:salmon":4,"minecraft:leather":6,"minecraft:chainmail_chestplate":2,"minecraft:golden_boots":1,"minecraft:gunpowder":20,"minecraft:paper":2,"smallships:cannon_ball":208,"minecraft:stone_bricks":4,"minecraft:iron_ingot":8,"minecraft:iron_sword":4,"minecraft:soul_sand":23,"stalwart_dungeons:transient_block_close":6,"minecraft:smooth_basalt":1,"minecraft:sweet_berries":15,"minecraft:quartz":11,"minecraft:cracked_nether_bricks":1,"minecraft:gravel":7,"minecraft:spider_eye":7,"minecraft:chainmail_leggings":3,"minecraft:iron_helmet":1,"alexsmobs:rainbow_jelly":1,"iceandfire:dragonforge_ice_input":1,"minecraft:coal":10},"minecraft:crafted":{"minecraft:chest":1,"minecraft:crafting_table":1,"minecraft:gold_block":7,"minecraft:shield":1,"minecraft:stick":4,"minecraft:iron_ingot":11,"minecraft:iron_block":10,"minecraft:gold_ingot":5,"iceandfire:dragon_horn":1,"iceandfire:dragon_stick":2,"iceandfire:copper_ingot":1,"iceandfire:silver_ingot":26,"iceandfire:silver_block":13,"minecraft:bucket":1,"minecraft:air":0,"minecraft:anvil":1},"minecraft:killed_by":{"savage_and_ravage:iceologer":1,"minecraft:wither_skeleton":3,"stalwart_dungeons:nether_keeper":2,"iceandfire:dread_ghoul":2,"iceandfire:sea_serpent":2,"alexsmobs:cachalot_whale":1,"minecraft:blaze":1,"minecraft:zombie":1,"iceandfire:dread_beast":2,"minecraft:player":5,"iceandfire:dread_scuttler":2,"minecraft:stray":1,"iceandfire:dread_knight":1},"minecraft:mined":{"stalwart_dungeons:spore_vaporizer":9,"minecraft:obsidian":6,"minecraft:granite":2,"minecraft:chiseled_polished_blackstone":1,"minecraft:grass_block":1,"minecraft:cracked_polished_blackstone_bricks":12,"minecraft:light_gray_bed":1,"iceandfire:dread_spawner":2,"minecraft:coal_block":3,"minecraft:nether_wart":1,"minecraft:spawner":5,"minecraft:polished_blackstone_bricks":1,"minecraft:magma_block":6,"minecraft:iron_ore":4,"minecraft:fire":61,"minecraft:anvil":1,"minecraft:iron_bars":17,"sophisticatedbackpacks:copper_backpack":1,"minecraft:blackstone":30,"stalwart_dungeons:transient_block_close":4,"minecraft:soul_fire":2,"minecraft:powder_snow":3,"minecraft:torch":2,"iceandfire:sapphire_ore":19,"minecraft:wither_skeleton_wall_skull":1,"minecraft:light_blue_terracotta":2,"iceandfire:dragonforge_ice_input":1,"minecraft:smooth_basalt":1,"minecraft:netherrack":88,"iceandfire:silver_ore":1,"minecraft:mossy_cobblestone":1,"minecraft:nether_brick_wall":2,"iceandfire:frozen_cobblestone":48,"minecraft:nether_bricks":7,"iceandfire:frozen_stone":42,"iceandfire:dragonforge_ice_brick":7,"minecraft:cracked_nether_bricks":1,"minecraft:redstone_ore":2,"iceandfire:copper_ore":1,"minecraft:andesite":26,"iceandfire:dragon_bone_block":4,"minecraft:gold_block":8,"minecraft:vine":3,"minecraft:packed_ice":44,"iceandfire:frost_lily":3,"minecraft:stone":124,"minecraft:chiseled_nether_bricks":1,"minecraft:soul_sand":20,"minecraft:brown_carpet":1,"minecraft:copper_ore":9,"minecraft:lapis_ore":2,"minecraft:spruce_stairs":1,"minecraft:sweet_berry_bush":9,"minecraft:ice":21,"minecraft:white_carpet":1,"iceandfire:silver_pile":28,"minecraft:gravel":8,"minecraft:cobweb":1,"minecraft:cracked_stone_bricks":3,"minecraft:stone_bricks":4,"minecraft:mossy_stone_bricks":3,"minecraft:gold_ore":1},"minecraft:dropped":{"stalwart_dungeons:ancient_fire":16,"minecraft:iron_sword":1,"minecraft:cooked_beef":5,"minecraft:glass_bottle":1,"minecraft:leather":6,"minecraft:cracked_stone_bricks":1,"minecraft:bone":11,"minecraft:rotten_flesh":20,"iceandfire:frozen_stone":8,"minecraft:chainmail_chestplate":1,"minecraft:arrow":3,"minecraft:enchanted_book":1,"minecraft:bread":60,"minecraft:iron_helmet":1,"minecraft:feather":1,"minecraft:chainmail_helmet":2,"minecraft:grass_block":1,"minecraft:coal":7,"minecraft:chainmail_leggings":1,"iceandfire:frozen_cobblestone":10,"additionalguns:usas12":1,"minecraft:stone_sword":1,"iceandfire:myrmex_desert_resin":40,"minecraft:nether_bricks":1,"minecraft:shield":2,"minecraft:iron_chestplate":1,"sophisticatedbackpacks:copper_backpack":1,"minecraft:bow":1}},"DataVersion":2975}