{"stats":{"minecraft:custom":{"minecraft:interact_with_anvil":1,"minecraft:mob_kills":295,"minecraft:leave_game":2,"minecraft:time_since_death":45955,"minecraft:climb_one_cm":9594,"minecraft:damage_resisted":116,"minecraft:sprint_one_cm":468598,"minecraft:walk_one_cm":622631,"minecraft:damage_blocked_by_shield":530,"minecraft:drop":32,"minecraft:damage_dealt_absorbed":80,"minecraft:play_time":229002,"minecraft:sneak_time":5720,"minecraft:deaths":14,"minecraft:walk_under_water_one_cm":67408,"minecraft:boat_one_cm":3882603,"minecraft:jump":2284,"minecraft:interact_with_brewingstand":2,"minecraft:walk_on_water_one_cm":46319,"minecraft:total_world_time":229002,"minecraft:sleep_in_bed":4,"minecraft:time_since_rest":12162,"minecraft:damage_taken":3617,"minecraft:damage_dealt":2070,"minecraft:swim_one_cm":66887,"minecraft:fly_one_cm":917250,"minecraft:open_chest":76,"minecraft:crouch_one_cm":12998,"minecraft:fall_one_cm":36576,"minecraft:horse_one_cm":198095},"minecraft:killed":{"minecraft:cave_spider":2,"minecraft:zombified_piglin":13,"alexsmobs:raccoon":1,"minecraft:spider":20,"minecraft:cod":12,"alexsmobs:tasmanian_devil":1,"alexsmobs:seagull":2,"iceandfire:dread_beast":5,"minecraft:skeleton":11,"iceandfire:dread_knight":15,"iceandfire:dread_thrall":4,"iceandfire:siren":3,"pillagershunts:assasin_pillager":3,"stalwart_dungeons:nether_wart_cocoon":4,"alexsmobs:comb_jelly":1,"alexsmobs:tusklin":1,"minecraft:piglin_brute":6,"minecraft:piglin":13,"minecraft:pig":2,"minecraft:zombie_villager":1,"minecraft:salmon":4,"stalwart_dungeons:giddy_blaze":8,"alexsmobs:seal":3,"minecraft:strider":1,"minecraft:creeper":14,"stalwart_dungeons:nether_keeper":1,"minecraft:pillager":1,"alexsmobs:crocodile":3,"minecraft:zombie":44,"alexsmobs:cachalot_whale":3,"minecraft:stray":28,"alexsmobs:fly":1,"pillagershunts:pillager_hunter":3,"minecraft:wither_skeleton":32,"pillagershunts:archer_pillager":2,"campsite_structures:camper":3,"minecraft:villager":1,"minecraft:enderman":2,"minecraft:blaze":10,"minecraft:cow":1},"minecraft:picked_up":{"minecraft:iron_chestplate":1,"minecraft:chicken":1,"minecraft:chainmail_boots":1,"iceandfire:witherbone":15,"minecraft:nether_wart":6,"minecraft:prismarine_shard":3,"minecraft:golden_pickaxe":1,"minecraft:leather_leggings":2,"minecraft:potion":1,"minecraft:gold_block":8,"minecraft:enchanted_book":1,"minecraft:nether_brick":18,"minecraft:shield":3,"minecraft:string":16,"minecraft:iron_leggings":1,"minecraft:white_carpet":1,"minecraft:iron_shovel":1,"minecraft:blackstone":27,"minecraft:cracked_stone_bricks":6,"additionalguns:usas12":1,"minecraft:gold_nugget":4,"minecraft:beef":1,"iceandfire:frost_lily":3,"iceandfire:dread_knight_sword":3,"iceandfire:dread_shard":11,"minecraft:chest":1,"minecraft:coal_block":3,"minecraft:iron_nugget":2,"minecraft:enchanted_golden_apple":15,"minecraft:iron_pickaxe":1,"alexsmobs:raccoon_tail":1,"sophisticatedbackpacks:netherite_backpack":1,"minecraft:iron_boots":2,"minecraft:golden_helmet":1,"minecraft:tipped_arrow":6,"minecraft:stick":4,"iceandfire:dragonbone":68,"minecraft:stone":2,"minecraft:torch":4,"stalwart_dungeons:ancient_fire":17,"minecraft:spruce_stairs":1,"minecraft:porkchop":14,"minecraft:polished_blackstone_bricks":2,"minecraft:carrot":2,"minecraft:prismarine_crystals":2,"minecraft:chiseled_nether_bricks":1,"minecraft:brown_carpet":3,"iceandfire:dragon_skull_ice":4,"minecraft:quartz_block":2,"minecraft:stone_sword":1,"iceandfire:sea_serpent_scales_purple":2,"minecraft:arrow":9,"minecraft:rotten_flesh":37,"minecraft:light_gray_bed":1,"minecraft:nether_bricks":6,"sophisticatedbackpacks:copper_backpack":1,"minecraft:snowball":16,"minecraft:blaze_rod":12,"minecraft:mutton":4,"minecraft:obsidian":6,"minecraft:iron_bars":14,"minecraft:cod":18,"minecraft:cobblestone":3,"minecraft:magma_block":3,"minecraft:leather_chestplate":1,"minecraft:feather":3,"iceandfire:sea_serpent_fang":5,"minecraft:glow_ink_sac":3,"minecraft:salmon":4,"minecraft:leather":3,"minecraft:chainmail_chestplate":1,"minecraft:golden_boots":1,"minecraft:gunpowder":16,"minecraft:wither_skeleton_skull":1,"minecraft:dirt":1,"minecraft:paper":2,"smallships:cannon_ball":208,"minecraft:bone":51,"minecraft:stone_bricks":4,"minecraft:bow":2,"minecraft:iron_ingot":6,"minecraft:mossy_stone_bricks":4,"minecraft:iron_sword":3,"minecraft:soul_sand":23,"stalwart_dungeons:transient_block_close":4,"minecraft:smooth_basalt":1,"minecraft:chiseled_polished_blackstone":1,"minecraft:sweet_berries":15,"minecraft:quartz":11,"minecraft:cracked_nether_bricks":1,"minecraft:gravel":2,"iceandfire:shiny_scales":12,"minecraft:grass_block":1,"minecraft:spider_eye":1,"minecraft:mossy_cobblestone":2,"stalwart_dungeons:spore_vaporizer":3,"minecraft:light_blue_terracotta":1,"minecraft:chainmail_leggings":1,"minecraft:cracked_polished_blackstone_bricks":11,"alexsmobs:rainbow_jelly":1,"minecraft:iron_helmet":1,"minecraft:chainmail_helmet":3,"minecraft:netherrack":9,"minecraft:coal":10},"minecraft:used":{"additionalguns:python":388,"additionalguns:usas12":610,"minecraft:iron_bars":9,"minecraft:bone_block":1,"additionalguns:awm":57,"minecraft:shield":20,"minecraft:stone":2,"minecraft:iron_sword":48,"minecraft:torch":61,"minecraft:dirt":1,"minecraft:spruce_stairs":1,"minecraft:nether_bricks":5,"minecraft:obsidian":6,"minecraft:stone_bricks":24,"minecraft:smooth_basalt":1,"minecraft:magma_block":3,"minecraft:brown_carpet":3,"minecraft:enchanted_golden_apple":3,"minecraft:light_gray_bed":1,"minecraft:mossy_stone_bricks":5,"minecraft:blackstone":1,"minecraft:chiseled_nether_bricks":1,"minecraft:cracked_stone_bricks":5,"minecraft:golden_apple":1,"minecraft:mossy_cobblestone":1,"smallships:oak_brigg":1,"minecraft:diamond_pickaxe":201,"minecraft:bread":14,"minecraft:string":2,"minecraft:cracked_nether_bricks":1,"minecraft:gravel":2,"minecraft:coal_block":1,"minecraft:cobblestone":1,"minecraft:potion":2,"minecraft:golden_pickaxe":29,"minecraft:splash_potion":2},"minecraft:killed_by":{"minecraft:player":4,"minecraft:wither_skeleton":3,"stalwart_dungeons:nether_keeper":2,"iceandfire:sea_serpent":2,"alexsmobs:cachalot_whale":1,"minecraft:blaze":1,"minecraft:zombie":1},"minecraft:mined":{"stalwart_dungeons:spore_vaporizer":8,"minecraft:mossy_cobblestone":1,"minecraft:nether_brick_wall":2,"minecraft:obsidian":6,"minecraft:nether_bricks":7,"minecraft:chiseled_polished_blackstone":1,"minecraft:grass_block":1,"minecraft:cracked_polished_blackstone_bricks":12,"minecraft:light_gray_bed":1,"minecraft:coal_block":3,"minecraft:cracked_nether_bricks":1,"minecraft:spawner":5,"minecraft:polished_blackstone_bricks":1,"minecraft:magma_block":6,"minecraft:fire":51,"minecraft:gold_block":8,"minecraft:vine":3,"minecraft:iron_bars":17,"iceandfire:frost_lily":3,"minecraft:stone":2,"minecraft:chiseled_nether_bricks":1,"minecraft:blackstone":30,"minecraft:soul_sand":20,"stalwart_dungeons:transient_block_close":2,"minecraft:soul_fire":2,"minecraft:brown_carpet":1,"minecraft:torch":2,"minecraft:spruce_stairs":1,"minecraft:light_blue_terracotta":2,"minecraft:sweet_berry_bush":9,"minecraft:ice":10,"minecraft:white_carpet":1,"minecraft:gravel":2,"minecraft:cobweb":1,"minecraft:cracked_stone_bricks":3,"minecraft:smooth_basalt":1,"minecraft:stone_bricks":4,"minecraft:netherrack":88,"minecraft:mossy_stone_bricks":3},"minecraft:dropped":{"stalwart_dungeons:ancient_fire":16,"minecraft:enchanted_book":1,"minecraft:glass_bottle":1,"minecraft:feather":1,"minecraft:cracked_stone_bricks":1,"minecraft:coal":7,"minecraft:bone":2,"additionalguns:usas12":1,"minecraft:rotten_flesh":2,"minecraft:nether_bricks":1,"minecraft:shield":1,"minecraft:iron_chestplate":1,"sophisticatedbackpacks:copper_backpack":1,"minecraft:arrow":2}},"DataVersion":2975}