{"stats":{"minecraft:broken":{"iceandfire:armor_gray_helmet":1},"minecraft:custom":{"minecraft:interact_with_anvil":7,"minecraft:mob_kills":417,"minecraft:open_barrel":18,"minecraft:interact_with_crafting_table":8,"minecraft:leave_game":3,"minecraft:time_since_death":54333,"minecraft:damage_resisted":116,"minecraft:climb_one_cm":9745,"minecraft:sprint_one_cm":592066,"minecraft:walk_one_cm":838556,"minecraft:damage_blocked_by_shield":720,"minecraft:drop":56,"minecraft:damage_dealt_absorbed":80,"minecraft:talked_to_villager":3,"minecraft:play_time":310383,"minecraft:sneak_time":6728,"minecraft:deaths":23,"minecraft:walk_under_water_one_cm":96332,"minecraft:boat_one_cm":3882603,"minecraft:jump":3465,"minecraft:interact_with_brewingstand":2,"minecraft:interact_with_blast_furnace":6,"minecraft:walk_on_water_one_cm":57867,"minecraft:total_world_time":310383,"minecraft:sleep_in_bed":5,"minecraft:time_since_rest":755,"minecraft:damage_taken":6133,"minecraft:damage_dealt":3059,"minecraft:swim_one_cm":78864,"minecraft:fly_one_cm":1188550,"minecraft:player_kills":2,"minecraft:open_chest":120,"minecraft:crouch_one_cm":14716,"minecraft:fall_one_cm":52477,"minecraft:horse_one_cm":198095},"minecraft:killed":{"minecraft:cave_spider":2,"minecraft:zombified_piglin":13,"alexsmobs:raccoon":1,"minecraft:spider":24,"iceandfire:dread_beast":23,"minecraft:cod":12,"alexsmobs:tasmanian_devil":1,"alexsmobs:seagull":2,"minecraft:skeleton":17,"iceandfire:dread_knight":24,"iceandfire:dread_thrall":23,"iceandfire:siren":3,"pillagershunts:assasin_pillager":3,"stalwart_dungeons:nether_wart_cocoon":4,"alexsmobs:comb_jelly":1,"alexsmobs:tusklin":1,"iceandfire:dread_scuttler":16,"minecraft:piglin_brute":6,"minecraft:piglin":13,"minecraft:pig":2,"minecraft:zombie_villager":1,"minecraft:salmon":4,"stalwart_dungeons:giddy_blaze":8,"minecraft:rabbit":1,"alexsmobs:seal":3,"minecraft:strider":1,"minecraft:creeper":22,"stalwart_dungeons:nether_keeper":1,"minecraft:pillager":1,"minecraft:zombie":53,"alexsmobs:crocodile":3,"savage_and_ravage:iceologer":1,"alexsmobs:cachalot_whale":3,"minecraft:stray":31,"alexsmobs:fly":2,"iceandfire:dread_ghoul":14,"pillagershunts:pillager_hunter":3,"minecraft:wither_skeleton":32,"pillagershunts:archer_pillager":2,"campsite_structures:camper":3,"minecraft:villager":1,"minecraft:enderman":2,"minecraft:blaze":10,"minecraft:cow":1},"minecraft:picked_up":{"minecraft:iron_chestplate":1,"minecraft:chicken":1,"iceandfire:copper_ore":1,"minecraft:chainmail_boots":2,"iceandfire:witherbone":15,"minecraft:nether_wart":6,"minecraft:anvil":1,"minecraft:prismarine_shard":3,"minecraft:golden_pickaxe":1,"minecraft:leather_leggings":2,"savage_and_ravage:wand_of_freezing":1,"iceandfire:dragonegg_white":1,"minecraft:potion":1,"minecraft:gold_block":8,"minecraft:enchanted_book":1,"iceandfire:frozen_cobblestone":43,"minecraft:nether_brick":18,"minecraft:shield":3,"minecraft:string":16,"iceandfire:frozen_stone":35,"minecraft:raw_copper":28,"minecraft:iron_leggings":1,"minecraft:white_carpet":1,"minecraft:iron_shovel":1,"iceandfire:myrmex_desert_resin":40,"minecraft:blackstone":27,"minecraft:cracked_stone_bricks":6,"additionalguns:usas12":2,"minecraft:gold_nugget":4,"iceandfire:frost_lily":3,"minecraft:beef":1,"iceandfire:dragonforge_ice_brick":7,"iceandfire:dread_knight_sword":4,"iceandfire:dread_shard":47,"minecraft:iron_nugget":2,"minecraft:iron_pickaxe":1,"alexsmobs:raccoon_tail":1,"sophisticatedbackpacks:netherite_backpack":1,"minecraft:enchanted_golden_apple":79,"minecraft:coal_block":3,"minecraft:chest":1,"minecraft:iron_boots":2,"minecraft:tipped_arrow":6,"minecraft:golden_helmet":1,"endrem:evil_eye":1,"minecraft:raw_iron":4,"minecraft:stick":4,"iceandfire:dragonbone":72,"minecraft:stone":2,"minecraft:torch":5,"stalwart_dungeons:ancient_fire":17,"iceandfire:silver_ore":1,"minecraft:spruce_stairs":1,"minecraft:porkchop":14,"minecraft:polished_blackstone_bricks":2,"minecraft:carrot":2,"minecraft:redstone":8,"minecraft:prismarine_crystals":2,"minecraft:chiseled_nether_bricks":1,"minecraft:brown_carpet":3,"iceandfire:dragon_skull_ice":4,"minecraft:quartz_block":2,"minecraft:stone_sword":1,"minecraft:arrow":12,"iceandfire:sea_serpent_scales_purple":2,"minecraft:light_gray_bed":1,"minecraft:rotten_flesh":58,"minecraft:nether_bricks":6,"sophisticatedbackpacks:copper_backpack":1,"minecraft:blaze_rod":12,"minecraft:obsidian":6,"minecraft:mutton":4,"minecraft:iron_bars":14,"minecraft:cod":18,"minecraft:snowball":16,"minecraft:cobblestone":103,"iceandfire:sapphire_gem":19,"minecraft:magma_block":3,"minecraft:leather_chestplate":1,"minecraft:feather":3,"iceandfire:sea_serpent_fang":5,"minecraft:glow_ink_sac":5,"minecraft:salmon":4,"minecraft:andesite":26,"minecraft:leather":3,"minecraft:flint":1,"minecraft:chainmail_chestplate":2,"minecraft:golden_boots":1,"minecraft:gunpowder":18,"minecraft:wither_skeleton_skull":1,"minecraft:lapis_lazuli":14,"minecraft:dirt":1,"minecraft:paper":2,"smallships:cannon_ball":208,"minecraft:bone":94,"minecraft:stone_bricks":4,"minecraft:bow":3,"minecraft:raw_gold":1,"minecraft:iron_ingot":8,"minecraft:mossy_stone_bricks":4,"minecraft:iron_sword":3,"minecraft:soul_sand":23,"stalwart_dungeons:transient_block_close":4,"minecraft:smooth_basalt":1,"minecraft:chiseled_polished_blackstone":1,"minecraft:sweet_berries":15,"minecraft:quartz":11,"minecraft:cracked_nether_bricks":1,"minecraft:gravel":7,"iceandfire:shiny_scales":12,"minecraft:grass_block":1,"minecraft:spider_eye":7,"minecraft:mossy_cobblestone":2,"iceandfire:dragon_bone_block":4,"stalwart_dungeons:spore_vaporizer":3,"minecraft:light_blue_terracotta":1,"minecraft:cracked_polished_blackstone_bricks":11,"minecraft:chainmail_leggings":3,"alexsmobs:rainbow_jelly":1,"minecraft:iron_helmet":1,"minecraft:granite":2,"iceandfire:dragonforge_ice_input":1,"minecraft:chainmail_helmet":7,"minecraft:netherrack":9,"iceandfire:silver_nugget":210,"minecraft:coal":10},"minecraft:used":{"additionalguns:python":536,"minecraft:iron_bars":9,"additionalguns:usas12":978,"minecraft:iron_shovel":1,"minecraft:bone_block":1,"additionalguns:awm":65,"minecraft:stone":2,"minecraft:spruce_planks":14,"minecraft:shield":26,"minecraft:iron_sword":71,"minecraft:torch":62,"minecraft:dirt":1,"minecraft:anvil":2,"minecraft:spruce_stairs":1,"iceandfire:frozen_stone":9,"minecraft:nether_bricks":5,"minecraft:obsidian":6,"minecraft:stone_bricks":24,"minecraft:smooth_basalt":1,"minecraft:magma_block":3,"minecraft:brown_carpet":3,"iceandfire:frozen_cobblestone":2,"minecraft:light_gray_bed":1,"minecraft:enchanted_golden_apple":3,"minecraft:mossy_stone_bricks":5,"minecraft:wither_skeleton_skull":1,"minecraft:blackstone":1,"minecraft:chiseled_nether_bricks":1,"minecraft:cracked_stone_bricks":5,"minecraft:golden_apple":1,"minecraft:mossy_cobblestone":1,"minecraft:crafting_table":1,"smallships:oak_brigg":1,"minecraft:diamond_pickaxe":568,"minecraft:string":2,"minecraft:bread":20,"minecraft:cracked_nether_bricks":1,"minecraft:gravel":6,"minecraft:coal_block":1,"minecraft:cobblestone":1,"minecraft:potion":2,"minecraft:andesite":1,"minecraft:golden_pickaxe":29,"minecraft:splash_potion":2},"minecraft:crafted":{"iceandfire:copper_ingot":1,"iceandfire:silver_ingot":26,"minecraft:crafting_table":1,"iceandfire:silver_block":13,"minecraft:air":0,"minecraft:iron_ingot":1,"minecraft:gold_ingot":1,"minecraft:anvil":1},"minecraft:killed_by":{"minecraft:player":5,"iceandfire:dread_beast":2,"savage_and_ravage:iceologer":1,"iceandfire:dread_scuttler":2,"minecraft:wither_skeleton":3,"stalwart_dungeons:nether_keeper":2,"iceandfire:dread_ghoul":2,"alexsmobs:cachalot_whale":1,"iceandfire:sea_serpent":2,"iceandfire:dread_knight":1,"minecraft:blaze":1,"minecraft:zombie":1},"minecraft:mined":{"stalwart_dungeons:spore_vaporizer":8,"iceandfire:silver_ore":1,"minecraft:mossy_cobblestone":1,"minecraft:nether_brick_wall":2,"iceandfire:frozen_cobblestone":48,"minecraft:obsidian":6,"minecraft:nether_bricks":7,"minecraft:granite":2,"minecraft:chiseled_polished_blackstone":1,"iceandfire:frozen_stone":42,"minecraft:grass_block":1,"minecraft:cracked_polished_blackstone_bricks":12,"minecraft:light_gray_bed":1,"iceandfire:dread_spawner":2,"minecraft:coal_block":3,"iceandfire:dragonforge_ice_brick":7,"minecraft:cracked_nether_bricks":1,"minecraft:spawner":5,"minecraft:polished_blackstone_bricks":1,"minecraft:redstone_ore":2,"minecraft:magma_block":6,"iceandfire:copper_ore":1,"minecraft:iron_ore":4,"minecraft:fire":61,"minecraft:andesite":26,"iceandfire:dragon_bone_block":4,"minecraft:anvil":1,"minecraft:gold_block":8,"minecraft:vine":3,"minecraft:iron_bars":17,"minecraft:packed_ice":44,"iceandfire:frost_lily":3,"minecraft:stone":107,"minecraft:chiseled_nether_bricks":1,"minecraft:soul_sand":20,"minecraft:blackstone":30,"stalwart_dungeons:transient_block_close":2,"minecraft:soul_fire":2,"minecraft:brown_carpet":1,"minecraft:powder_snow":3,"minecraft:torch":2,"iceandfire:sapphire_ore":19,"minecraft:copper_ore":9,"minecraft:lapis_ore":2,"minecraft:spruce_stairs":1,"minecraft:light_blue_terracotta":2,"minecraft:sweet_berry_bush":9,"minecraft:ice":18,"minecraft:white_carpet":1,"iceandfire:dragonforge_ice_input":1,"iceandfire:silver_pile":28,"minecraft:gravel":8,"minecraft:smooth_basalt":1,"minecraft:cobweb":1,"minecraft:cracked_stone_bricks":3,"minecraft:stone_bricks":4,"minecraft:netherrack":88,"minecraft:mossy_stone_bricks":3,"minecraft:gold_ore":1},"minecraft:dropped":{"stalwart_dungeons:ancient_fire":16,"minecraft:enchanted_book":1,"minecraft:glass_bottle":1,"minecraft:feather":1,"minecraft:iron_helmet":1,"minecraft:leather":3,"minecraft:cracked_stone_bricks":1,"minecraft:chainmail_helmet":2,"minecraft:coal":7,"minecraft:chainmail_leggings":1,"minecraft:bone":11,"iceandfire:frozen_cobblestone":10,"additionalguns:usas12":1,"iceandfire:myrmex_desert_resin":40,"minecraft:rotten_flesh":20,"iceandfire:frozen_stone":8,"minecraft:nether_bricks":1,"minecraft:chainmail_chestplate":1,"minecraft:shield":1,"minecraft:iron_chestplate":1,"sophisticatedbackpacks:copper_backpack":1,"minecraft:arrow":3}},"DataVersion":2975}