{"stats":{"minecraft:crafted":{"minecraft:smooth_stone":3,"minecraft:oak_planks":152,"minecraft:barrel":27,"minecraft:birch_slab":60,"minecraft:furnace":1,"minecraft:stone":6,"minecraft:stone_pickaxe":10,"minecraft:cobblestone_wall":1,"minecraft:chest":2,"minecraft:wooden_shovel":1,"minecraft:crafting_table":2,"minecraft:wooden_pickaxe":1,"minecraft:copper_ingot":64,"minecraft:gold_block":2,"minecraft:oak_wood":3,"minecraft:birch_planks":156,"minecraft:stone_axe":2,"minecraft:air":0,"minecraft:oak_boat":1,"minecraft:white_wool":13,"minecraft:charcoal":7,"minecraft:stick":152,"minecraft:iron_ingot":40,"minecraft:gold_ingot":21,"firstaid:bandage":16,"minecraft:stonecutter":1,"minecraft:armor_stand":3,"minecraft:torch":112},"minecraft:custom":{"minecraft:interact_with_anvil":5,"minecraft:mob_kills":408,"minecraft:interact_with_crafting_table":46,"minecraft:open_barrel":20,"minecraft:interact_with_campfire":16,"minecraft:bell_ring":20,"minecraft:leave_game":4,"minecraft:time_since_death":109519,"minecraft:climb_one_cm":8641,"minecraft:sprint_one_cm":700401,"minecraft:walk_one_cm":1283995,"minecraft:damage_blocked_by_shield":2650,"minecraft:drop":87,"minecraft:raid_win":1,"minecraft:play_time":434124,"minecraft:sneak_time":1107,"minecraft:deaths":10,"minecraft:walk_under_water_one_cm":102688,"minecraft:boat_one_cm":305823,"minecraft:jump":2394,"minecraft:interact_with_brewingstand":1,"minecraft:interact_with_blast_furnace":7,"minecraft:walk_on_water_one_cm":58408,"minecraft:total_world_time":434124,"minecraft:interact_with_furnace":19,"minecraft:interact_with_cartography_table":1,"minecraft:raid_trigger":1,"minecraft:interact_with_stonecutter":5,"minecraft:sleep_in_bed":11,"minecraft:time_since_rest":109580,"minecraft:damage_taken":2537,"minecraft:damage_dealt":250,"minecraft:player_kills":3,"minecraft:swim_one_cm":63683,"minecraft:fly_one_cm":747537,"minecraft:crouch_one_cm":1207,"minecraft:open_chest":111,"minecraft:interact_with_smoker":5,"minecraft:fall_one_cm":11286},"minecraft:broken":{"toughasnails:leaf_leggings":2,"toughasnails:leaf_boots":2,"minecraft:wooden_pickaxe":2,"minecraft:stone_pickaxe":5,"minecraft:stone_axe":1,"toughasnails:purified_water_canteen":2,"toughasnails:leaf_helmet":1},"minecraft:mined":{"minecraft:white_bed":3,"minecraft:mossy_cobblestone":4,"minecraft:cobblestone_stairs":7,"minecraft:brewing_stand":1,"minecraft:granite":2,"minecraft:grass_block":17,"minecraft:polished_andesite_slab":2,"minecraft:hopper":3,"minecraft:large_fern":4,"minecraft:iron_ore":41,"minecraft:barrel":4,"minecraft:andesite":1,"iceandfire:gold_pile":19,"minecraft:lantern":4,"minecraft:stone":507,"minecraft:podzol":4,"minecraft:smoker":1,"minecraft:stone_brick_slab":56,"minecraft:torch":32,"minecraft:crafting_table":1,"minecraft:blast_furnace":1,"minecraft:melon":16,"minecraft:copper_ore":20,"minecraft:tall_grass":1,"minecraft:cobblestone":12,"minecraft:lapis_ore":7,"minecraft:oak_planks":2,"minecraft:sugar_cane":3,"minecraft:wall_torch":19,"minecraft:coarse_dirt":1,"minecraft:birch_log":41,"minecraft:stone_brick_stairs":19,"minecraft:grass":19,"minecraft:coal_ore":116,"minecraft:oak_log":68,"minecraft:mycelium":1,"minecraft:gravel":10,"minecraft:dirt":31,"minecraft:cobweb":26,"minecraft:stonecutter":1,"minecraft:stone_bricks":2,"minecraft:oak_leaves":27,"minecraft:fern":3},"minecraft:dropped":{"minecraft:iron_ingot":1,"minecraft:bread":36,"minecraft:iron_sword":1,"minecraft:oak_log":10,"endrem:witch_pupil":1,"minecraft:diamond_leggings":2,"minecraft:feather":1,"minecraft:cobblestone":37,"minecraft:granite":1,"minecraft:coal":12,"minecraft:birch_slab":6,"minecraft:stick":102,"minecraft:dirt":47,"firstaid:bandage":48,"minecraft:torch":31,"alexsmobs:flying_fish":5,"toughasnails:leaf_helmet":1,"toughasnails:leaf_leggings":3,"nzgexpansion:bolt_action_rifle":1,"minecraft:gold_ingot":1,"minecraft:stone_brick_slab":57,"iceandfire:dragonbone":10,"minecraft:armor_stand":3,"minecraft:gravel":1,"cgm:pistol":4,"minecraft:stone_axe":2,"additionalguns:usas12":1,"cgm:advanced_bullet":135,"nzgexpansion:medium_bullet":144,"toughasnails:empty_canteen":1,"toughasnails:leaf_chestplate":1,"minecraft:coarse_dirt":1,"minecraft:cocoa_beans":6,"minecraft:raw_copper":5,"alexsmobs:spawn_egg_komodo_dragon":1,"minecraft:chicken":2,"minecraft:rotten_flesh":13,"minecraft:oak_planks":18,"minecraft:infested_stone_bricks":64,"additionalguns:mammoth":1,"structuresadventures:basekleg":1,"minecraft:golden_leggings":1,"minecraft:wooden_shovel":1,"minecraft:barrel":9,"minecraft:stone_bricks":448,"minecraft:stone_pickaxe":1},"minecraft:killed_by":{"alexsmobs:skelewag":1,"pillagershunts:assasin_pillager":1,"minecraft:drowned":1,"iceandfire:sea_serpent":1,"pillagershunts:archer_pillager":1,"structuresadventures:chicken_warrior":2,"minecraft:skeleton":1,"minecraft:zombie":1},"minecraft:killed":{"minecraft:evoker":1,"structuresadventures:chicken_tnt":1,"minecraft:witch":1,"alexsmobs:tiger":1,"alexsmobs:raccoon":2,"minecraft:vindicator":8,"minecraft:spider":17,"minecraft:cod":3,"minecraft:phantom":1,"alexsmobs:gorilla":9,"minecraft:skeleton":32,"savage_and_ravage:griefer":4,"alexsmobs:leafcutter_ant":125,"pillagershunts:assasin_pillager":15,"minecraft:chicken":2,"alexsmobs:capuchin_monkey":2,"minecraft:silverfish":1,"minecraft:drowned":1,"savage_and_ravage:creepie":3,"alexsmobs:frilled_shark":1,"alexsmobs:flying_fish":6,"structuresadventures:toki_zombie_3":2,"minecraft:pig":3,"savage_and_ravage:trickster":1,"minecraft:zombie_villager":1,"structuresadventures:toki_zombie":4,"pillagershunts:the_old_one":1,"savage_and_ravage:executioner":2,"iceandfire:amphithere":1,"structuresadventures:toki_zombie_2":1,"minecraft:ravager":2,"minecraft:creeper":36,"minecraft:pillager":21,"alexsmobs:cockroach":3,"minecraft:zombie":31,"alexsmobs:toucan":3,"iceandfire:lightning_dragon":1,"structuresadventures:chicken_warrior":40,"pillagershunts:pillager_hunter":8,"pillagershunts:archer_pillager":4,"campsite_structures:camper":2},"minecraft:used":{"additionalguns:usas12":1646,"alexsmobs:spawn_egg_anteater":11,"minecraft:chest":2,"structuresadventures:toki_mask_helmet":1,"minecraft:shield":33,"structuresadventures:basekleg":1,"toughasnails:leaf_boots":1,"minecraft:iron_sword":33,"additionalguns:over_under":44,"minecraft:wooden_shovel":26,"savage_and_ravage:cleaver_of_beheading":1,"minecraft:torch":137,"minecraft:brewing_stand":1,"minecraft:dirt":7,"minecraft:anvil":2,"additionalguns:mammoth":27,"minecraft:cobblestone_wall":1,"minecraft:oak_wood":3,"minecraft:stone_brick_slab":2,"minecraft:lantern":4,"additionalguns:g11":130,"minecraft:barrel":31,"minecraft:golden_carrot":1,"additionalguns:m1014":6,"additionalguns:ssg08":58,"minecraft:furnace":1,"toughasnails:leaf_leggings":1,"additionalguns:magnum":11,"minecraft:cobblestone_stairs":44,"minecraft:stone_pickaxe":778,"cgm:pistol":4,"minecraft:oak_planks":13,"minecraft:wooden_pickaxe":116,"minecraft:stonecutter":2,"nzgexpansion:heavy_revolver":58,"minecraft:blast_furnace":1,"minecraft:crafting_table":3,"minecraft:white_bed":3,"cgm:bazooka":52,"minecraft:smoker":1,"savage_and_ravage:creeper_spores":1,"minecraft:melon_slice":1,"minecraft:bread":6,"toughasnails:leaf_chestplate":1,"minecraft:stone_axe":147,"iceandfire:dragon_skull_fire":1,"minecraft:cobblestone":101,"minecraft:porkchop":1,"toughasnails:purified_water_canteen":11,"minecraft:oak_boat":1,"nzgexpansion:bolt_action_rifle":61},"minecraft:picked_up":{"toughasnails:leaf_leggings":5,"minecraft:crafting_table":1,"minecraft:fishing_rod":1,"minecraft:cocoa_beans":12,"minecraft:coarse_dirt":1,"minecraft:chicken":31,"minecraft:ladder":1,"pillagershunts:assasin_sword":1,"minecraft:wooden_pickaxe":1,"minecraft:stone_brick_stairs":16,"minecraft:brewing_stand":1,"minecraft:shield":2,"structuresadventures:rotten_flesh_iron_bars_door":2,"minecraft:raw_copper":84,"minecraft:string":42,"minecraft:iron_axe":1,"additionalguns:usas12":1,"minecraft:diamond_leggings":3,"minecraft:gold_nugget":177,"minecraft:beef":8,"minecraft:oak_boat":1,"minecraft:iron_nugget":13,"minecraft:melon_slice":70,"minecraft:sugar_cane":9,"minecraft:birch_sapling":1,"cgm:advanced_bullet":96,"minecraft:phantom_membrane":1,"iceandfire:pixie_dust":1,"minecraft:raw_iron":40,"minecraft:stick":174,"iceandfire:dragonbone":10,"structuresadventures:rotten_flesh_bricks":5,"minecraft:torch":51,"alexsmobs:leafcutter_anthill":2,"minecraft:porkchop":5,"structuresadventures:rotten_flesh_moosy_cobblestone":27,"minecraft:carrot":1,"minecraft:redstone":3,"structuresadventures:rotten_flesh_cobblestone":39,"minecraft:arrow":48,"minecraft:rotten_flesh":40,"minecraft:saddle":2,"minecraft:totem_of_undying":1,"structuresadventures:rotten_flesh_iron_bars":1,"minecraft:cod":1,"alexsmobs:flying_fish":13,"minecraft:cobblestone":539,"minecraft:birch_log":39,"structuresadventures:rotten_flesh_cobblestone_stairs":1,"minecraft:feather":10,"iceandfire:sea_serpent_fang":5,"minecraft:golden_carrot":7,"minecraft:jungle_log":1,"minecraft:andesite":9,"minecraft:leather":3,"minecraft:golden_leggings":2,"iceandfire:armor_red_chestplate":1,"structuresadventures:basekleg":2,"minecraft:smoker":1,"toughasnails:leaf_helmet":1,"savage_and_ravage:creeper_spores":11,"minecraft:oak_log":67,"minecraft:gunpowder":28,"minecraft:cobblestone_stairs":7,"minecraft:lapis_lazuli":45,"minecraft:dirt":271,"minecraft:white_banner":6,"minecraft:lantern":4,"minecraft:leather_boots":1,"minecraft:red_carpet":3,"minecraft:bone":32,"minecraft:kelp":4,"minecraft:stonecutter":1,"minecraft:wheat_seeds":14,"alexsmobs:cockroach_wing_fragment":1,"minecraft:iron_ingot":3,"minecraft:cooked_chicken":16,"minecraft:glowstone_dust":3,"minecraft:polished_andesite_slab":2,"minecraft:oak_planks":8,"iceandfire:fire_dragon_flesh":1,"minecraft:iron_sword":3,"minecraft:oak_slab":4,"toughasnails:purified_water_canteen":1,"endrem:witch_pupil":3,"iceandfire:armor_black_boots":1,"minecraft:stone_brick_slab":56,"minecraft:gravel":107,"iceandfire:dragon_skull_fire":1,"alexsmobs:spawn_egg_komodo_dragon":1,"minecraft:ink_sac":1,"minecraft:blast_furnace":1,"minecraft:white_bed":3,"minecraft:spider_eye":6,"minecraft:barrel":13,"cgm:pistol":4,"structuresadventures:rotten_flesh_stone":6,"minecraft:diamond":4,"minecraft:stone_axe":1,"minecraft:lever":1,"minecraft:granite":21,"savage_and_ravage:cleaver_of_beheading":1,"minecraft:emerald":33,"minecraft:bread":36,"minecraft:oak_sapling":14,"minecraft:coal":158,"minecraft:oak_leaves":3,"minecraft:hopper":3}},"DataVersion":2975}