{"stats":{"minecraft:custom":{"minecraft:mob_kills":240,"minecraft:interact_with_anvil":4,"minecraft:leave_game":4,"minecraft:time_since_death":0,"minecraft:climb_one_cm":4185,"minecraft:damage_resisted":2252,"minecraft:sprint_one_cm":369401,"minecraft:walk_one_cm":878856,"minecraft:damage_blocked_by_shield":190,"minecraft:drop":60,"minecraft:talked_to_villager":5,"minecraft:play_time":225362,"minecraft:deaths":2,"minecraft:sneak_time":718,"minecraft:walk_under_water_one_cm":96773,"minecraft:boat_one_cm":470343,"minecraft:jump":1476,"minecraft:walk_on_water_one_cm":65102,"minecraft:total_world_time":225362,"minecraft:interact_with_furnace":2,"minecraft:sleep_in_bed":1,"minecraft:time_since_rest":19,"minecraft:damage_taken":3232,"minecraft:damage_dealt":1912,"minecraft:swim_one_cm":38414,"minecraft:fly_one_cm":299704,"minecraft:player_kills":4,"minecraft:open_chest":70,"minecraft:crouch_one_cm":325,"minecraft:fall_one_cm":16598},"minecraft:killed":{"savage_and_ravage:skeleton_villager":2,"minecraft:cave_spider":5,"minecraft:zombified_piglin":13,"minecraft:spider":17,"alexsmobs:tasmanian_devil":1,"iceandfire:dread_beast":14,"minecraft:phantom":1,"minecraft:skeleton":14,"alexsmobs:orca":1,"minecraft:guardian":2,"iceandfire:dread_knight":17,"iceandfire:dread_thrall":13,"pillagershunts:assasin_pillager":2,"iceandfire:dread_scuttler":2,"alexsmobs:tusklin":1,"minecraft:piglin_brute":4,"minecraft:piglin":3,"iceandfire:cyclops":1,"minecraft:zombie_villager":1,"minecraft:salmon":2,"stalwart_dungeons:giddy_blaze":8,"alexsmobs:seal":8,"minecraft:iron_golem":1,"minecraft:creeper":19,"minecraft:squid":2,"minecraft:polar_bear":1,"minecraft:zombie":37,"alexsmobs:cachalot_whale":4,"minecraft:stray":17,"minecraft:glow_squid":1,"iceandfire:dread_ghoul":4,"minecraft:wither_skeleton":12,"campsite_structures:camper":1,"minecraft:villager":1,"iceandfire:sea_serpent":2,"minecraft:blaze":8},"minecraft:used":{"additionalguns:usas12":600,"minecraft:iron_bars":4,"minecraft:flint_and_steel":1,"additionalguns:awm":41,"minecraft:iron_sword":37,"additionalguns:over_under":119,"minecraft:netherrack":2,"minecraft:torch":148,"minecraft:anvil":2,"minecraft:nether_bricks":14,"minecraft:stone_bricks":1,"minecraft:enchanted_golden_apple":47,"minecraft:cracked_stone_bricks":1,"minecraft:crossbow":9,"minecraft:white_bed":3,"minecraft:iron_pickaxe":282,"minecraft:potion":2,"additionalguns:ace_of_spades":182},"minecraft:picked_up":{"minecraft:chainmail_boots":2,"minecraft:splash_potion":1,"minecraft:nether_wart":36,"minecraft:potion":2,"minecraft:enchanted_book":2,"minecraft:nether_brick":16,"minecraft:golden_sword":1,"minecraft:string":15,"minecraft:raw_copper":24,"minecraft:red_nether_bricks":2,"minecraft:shroomlight":8,"minecraft:blackstone":11,"minecraft:cracked_stone_bricks":1,"additionalguns:usas12":1,"minecraft:gold_nugget":32,"iceandfire:dread_knight_sword":3,"iceandfire:dread_shard":32,"minecraft:iron_nugget":18,"sophisticatedbackpacks:netherite_backpack":1,"minecraft:iron_boots":4,"minecraft:tipped_arrow":9,"minecraft:raw_iron":2,"iceandfire:dragonbone":11,"minecraft:torch":1,"minecraft:porkchop":5,"minecraft:carrot":2,"iceandfire:dragon_skull_ice":1,"minecraft:quartz_block":5,"minecraft:rotten_flesh":31,"minecraft:stone_shovel":1,"minecraft:arrow":27,"minecraft:nether_bricks":20,"sophisticatedbackpacks:copper_backpack":1,"minecraft:blaze_rod":7,"minecraft:obsidian":2,"minecraft:iron_bars":13,"minecraft:snowball":4,"minecraft:rail":26,"minecraft:cobblestone":18,"minecraft:leather_chestplate":1,"minecraft:leather":6,"minecraft:potato":1,"stalwart_dungeons:warted_tungsten_helmet":1,"minecraft:chainmail_chestplate":1,"minecraft:golden_boots":1,"minecraft:gunpowder":5,"minecraft:leather_boots":1,"minecraft:bone":61,"smallships:cannon_ball":201,"minecraft:stone_bricks":3,"minecraft:bow":4,"minecraft:wheat_seeds":1,"minecraft:iron_ingot":6,"minecraft:soul_sand":6,"stalwart_dungeons:transient_block_close":1,"minecraft:quartz":23,"minecraft:cracked_nether_bricks":1,"minecraft:spruce_sapling":1,"minecraft:soul_torch":2,"minecraft:white_bed":3,"minecraft:spruce_log":3,"minecraft:crying_obsidian":3,"minecraft:spectral_arrow":24,"minecraft:spider_eye":6,"minecraft:stone_axe":1,"minecraft:chainmail_leggings":2,"minecraft:crossbow":1,"minecraft:chainmail_helmet":4,"minecraft:netherrack":11,"iceandfire:silver_nugget":62,"minecraft:coal":17,"additionalguns:ace_of_spades":1,"minecraft:ender_pearl":3},"minecraft:crafted":{"minecraft:furnace":1,"minecraft:flint_and_steel":1,"minecraft:spruce_planks":12,"minecraft:stick":16,"minecraft:iron_pickaxe":1,"minecraft:torch":92},"minecraft:killed_by":{"minecraft:player":1,"iceandfire:sea_serpent":1},"minecraft:mined":{"minecraft:nether_gold_ore":9,"minecraft:white_bed":3,"minecraft:mossy_cobblestone":1,"minecraft:red_nether_bricks":2,"minecraft:nether_bricks":21,"minecraft:grass_block":2,"minecraft:spruce_leaves":3,"minecraft:nether_wart":25,"minecraft:cracked_nether_bricks":1,"minecraft:spawner":19,"minecraft:large_fern":1,"minecraft:polished_blackstone_bricks":1,"minecraft:iron_ore":2,"minecraft:fire":48,"minecraft:shroomlight":10,"minecraft:vine":5,"minecraft:rail":26,"minecraft:iron_bars":12,"minecraft:stone":20,"minecraft:quartz_block":12,"minecraft:blackstone":18,"minecraft:soul_sand":3,"stalwart_dungeons:transient_block_close":3,"minecraft:brown_carpet":2,"minecraft:nether_quartz_ore":8,"minecraft:copper_ore":7,"minecraft:wall_torch":1,"minecraft:white_terracotta":1,"minecraft:ice":1,"minecraft:spruce_log":3,"minecraft:grass":2,"minecraft:coal_ore":8,"iceandfire:silver_pile":9,"minecraft:cobweb":2,"minecraft:cracked_stone_bricks":3,"minecraft:stone_bricks":4,"minecraft:netherrack":20,"minecraft:mossy_stone_bricks":1},"minecraft:dropped":{"minecraft:golden_boots":1,"minecraft:iron_sword":1,"minecraft:porkchop":5,"additionalguns:ace_of_spades":1,"minecraft:snowball":16,"sophisticatedbackpacks:netherite_backpack":2,"minecraft:potion":1,"minecraft:gold_nugget":4,"minecraft:gold_ingot":24,"additionalguns:usas12":1,"stalwart_dungeons:warted_tungsten_helmet":1,"minecraft:rotten_flesh":1,"minecraft:enchanted_golden_apple":17,"minecraft:nether_bricks":1,"minecraft:carrot":1,"iceandfire:dread_knight_sword":1,"minecraft:red_nether_bricks":1}},"DataVersion":2975}