{"stats":{"minecraft:crafted":{"minecraft:oak_planks":152,"minecraft:smooth_stone":3,"minecraft:barrel":27,"minecraft:birch_slab":60,"minecraft:furnace":1,"minecraft:stone":6,"minecraft:stone_pickaxe":10,"minecraft:cobblestone_wall":1,"minecraft:chest":2,"minecraft:wooden_shovel":1,"minecraft:crafting_table":2,"minecraft:wooden_pickaxe":1,"minecraft:copper_ingot":64,"minecraft:gold_block":2,"minecraft:oak_wood":3,"minecraft:birch_planks":156,"minecraft:stone_axe":2,"minecraft:air":0,"minecraft:oak_boat":1,"minecraft:white_wool":13,"minecraft:charcoal":7,"minecraft:stick":152,"minecraft:iron_ingot":40,"minecraft:gold_ingot":21,"firstaid:bandage":16,"minecraft:stonecutter":1,"minecraft:armor_stand":3,"minecraft:torch":112},"minecraft:custom":{"minecraft:interact_with_anvil":4,"minecraft:mob_kills":321,"minecraft:interact_with_crafting_table":46,"minecraft:open_barrel":18,"minecraft:interact_with_campfire":16,"minecraft:bell_ring":20,"minecraft:leave_game":3,"minecraft:time_since_death":47743,"minecraft:climb_one_cm":6119,"minecraft:sprint_one_cm":584898,"minecraft:walk_one_cm":1093062,"minecraft:damage_blocked_by_shield":2650,"minecraft:drop":77,"minecraft:play_time":372348,"minecraft:deaths":10,"minecraft:sneak_time":1033,"minecraft:walk_under_water_one_cm":88894,"minecraft:boat_one_cm":305823,"minecraft:jump":2032,"minecraft:interact_with_brewingstand":1,"minecraft:interact_with_blast_furnace":7,"minecraft:walk_on_water_one_cm":36552,"minecraft:total_world_time":372348,"minecraft:interact_with_furnace":19,"minecraft:interact_with_cartography_table":1,"minecraft:interact_with_stonecutter":5,"minecraft:sleep_in_bed":11,"minecraft:time_since_rest":47804,"minecraft:damage_taken":2529,"minecraft:damage_dealt":230,"minecraft:player_kills":3,"minecraft:swim_one_cm":50067,"minecraft:fly_one_cm":493433,"minecraft:open_chest":96,"minecraft:crouch_one_cm":1207,"minecraft:interact_with_smoker":5,"minecraft:fall_one_cm":11077},"minecraft:broken":{"toughasnails:leaf_leggings":2,"toughasnails:leaf_boots":2,"minecraft:wooden_pickaxe":2,"minecraft:stone_pickaxe":5,"minecraft:stone_axe":1,"toughasnails:purified_water_canteen":1,"toughasnails:leaf_helmet":1},"minecraft:mined":{"minecraft:white_bed":3,"minecraft:mossy_cobblestone":4,"minecraft:cobblestone_stairs":7,"minecraft:brewing_stand":1,"minecraft:granite":2,"minecraft:grass_block":17,"minecraft:polished_andesite_slab":2,"minecraft:hopper":3,"minecraft:large_fern":4,"minecraft:iron_ore":41,"minecraft:barrel":4,"minecraft:andesite":1,"iceandfire:gold_pile":19,"minecraft:lantern":4,"minecraft:stone":507,"minecraft:podzol":4,"minecraft:smoker":1,"minecraft:stone_brick_slab":56,"minecraft:crafting_table":1,"minecraft:torch":32,"minecraft:blast_furnace":1,"minecraft:melon":16,"minecraft:copper_ore":20,"minecraft:tall_grass":1,"minecraft:cobblestone":12,"minecraft:lapis_ore":7,"minecraft:oak_planks":2,"minecraft:sugar_cane":3,"minecraft:wall_torch":19,"minecraft:coarse_dirt":1,"minecraft:birch_log":41,"minecraft:stone_brick_stairs":19,"minecraft:grass":19,"minecraft:coal_ore":116,"minecraft:oak_log":68,"minecraft:mycelium":1,"minecraft:gravel":10,"minecraft:dirt":31,"minecraft:cobweb":26,"minecraft:stone_bricks":2,"minecraft:stonecutter":1,"minecraft:oak_leaves":27,"minecraft:fern":3},"minecraft:dropped":{"minecraft:iron_ingot":1,"minecraft:bread":36,"minecraft:iron_sword":1,"minecraft:oak_log":10,"endrem:witch_pupil":1,"minecraft:feather":1,"minecraft:cobblestone":37,"minecraft:granite":1,"minecraft:coal":12,"minecraft:birch_slab":6,"minecraft:stick":102,"minecraft:dirt":47,"firstaid:bandage":48,"minecraft:torch":31,"toughasnails:leaf_helmet":1,"toughasnails:leaf_leggings":3,"nzgexpansion:bolt_action_rifle":1,"minecraft:gold_ingot":1,"minecraft:stone_brick_slab":57,"iceandfire:dragonbone":10,"minecraft:armor_stand":3,"minecraft:gravel":1,"additionalguns:usas12":1,"minecraft:stone_axe":2,"cgm:advanced_bullet":135,"nzgexpansion:medium_bullet":144,"toughasnails:empty_canteen":1,"toughasnails:leaf_chestplate":1,"minecraft:coarse_dirt":1,"minecraft:cocoa_beans":6,"minecraft:raw_copper":5,"alexsmobs:spawn_egg_komodo_dragon":1,"minecraft:chicken":2,"minecraft:rotten_flesh":10,"minecraft:oak_planks":18,"minecraft:infested_stone_bricks":64,"structuresadventures:basekleg":1,"minecraft:wooden_shovel":1,"minecraft:barrel":9,"minecraft:stone_bricks":448,"minecraft:stone_pickaxe":1},"minecraft:killed_by":{"alexsmobs:skelewag":1,"pillagershunts:assasin_pillager":1,"minecraft:drowned":1,"iceandfire:sea_serpent":1,"pillagershunts:archer_pillager":1,"structuresadventures:chicken_warrior":2,"minecraft:skeleton":1,"minecraft:zombie":1},"minecraft:killed":{"structuresadventures:chicken_tnt":1,"alexsmobs:tiger":1,"alexsmobs:raccoon":2,"minecraft:spider":11,"alexsmobs:gorilla":9,"minecraft:skeleton":31,"alexsmobs:leafcutter_ant":122,"pillagershunts:assasin_pillager":15,"minecraft:chicken":2,"alexsmobs:capuchin_monkey":2,"minecraft:silverfish":1,"alexsmobs:flying_fish":4,"minecraft:pig":1,"minecraft:zombie_villager":1,"structuresadventures:toki_zombie":1,"pillagershunts:the_old_one":1,"minecraft:creeper":29,"alexsmobs:cockroach":3,"minecraft:zombie":24,"alexsmobs:toucan":1,"iceandfire:lightning_dragon":1,"structuresadventures:chicken_warrior":39,"pillagershunts:pillager_hunter":8,"pillagershunts:archer_pillager":4,"campsite_structures:camper":2},"minecraft:used":{"additionalguns:usas12":1217,"minecraft:chest":2,"structuresadventures:basekleg":1,"minecraft:shield":33,"minecraft:iron_sword":33,"toughasnails:leaf_boots":1,"minecraft:wooden_shovel":26,"minecraft:torch":137,"minecraft:brewing_stand":1,"minecraft:dirt":7,"minecraft:anvil":1,"minecraft:cobblestone_wall":1,"minecraft:oak_wood":3,"minecraft:stone_brick_slab":2,"minecraft:lantern":4,"additionalguns:g11":61,"minecraft:barrel":31,"minecraft:golden_carrot":1,"minecraft:furnace":1,"additionalguns:ssg08":53,"toughasnails:leaf_leggings":1,"minecraft:cobblestone_stairs":44,"additionalguns:magnum":11,"minecraft:stone_pickaxe":778,"cgm:pistol":4,"minecraft:oak_planks":13,"minecraft:wooden_pickaxe":116,"minecraft:stonecutter":2,"nzgexpansion:heavy_revolver":58,"minecraft:blast_furnace":1,"minecraft:crafting_table":3,"minecraft:white_bed":3,"cgm:bazooka":17,"minecraft:smoker":1,"savage_and_ravage:creeper_spores":1,"minecraft:bread":6,"minecraft:melon_slice":1,"toughasnails:leaf_chestplate":1,"minecraft:stone_axe":147,"iceandfire:dragon_skull_fire":1,"minecraft:cobblestone":101,"minecraft:porkchop":1,"toughasnails:purified_water_canteen":8,"minecraft:oak_boat":1,"nzgexpansion:bolt_action_rifle":61},"minecraft:picked_up":{"toughasnails:leaf_leggings":5,"minecraft:coarse_dirt":1,"minecraft:fishing_rod":1,"minecraft:cocoa_beans":12,"minecraft:crafting_table":1,"minecraft:chicken":30,"minecraft:ladder":1,"pillagershunts:assasin_sword":1,"minecraft:wooden_pickaxe":1,"minecraft:stone_brick_stairs":16,"minecraft:brewing_stand":1,"minecraft:shield":2,"minecraft:string":37,"minecraft:raw_copper":84,"additionalguns:usas12":1,"minecraft:gold_nugget":177,"minecraft:beef":8,"minecraft:oak_boat":1,"minecraft:iron_nugget":13,"minecraft:melon_slice":70,"minecraft:sugar_cane":9,"cgm:advanced_bullet":96,"minecraft:birch_sapling":1,"iceandfire:pixie_dust":1,"minecraft:stick":174,"minecraft:raw_iron":40,"iceandfire:dragonbone":10,"minecraft:torch":51,"alexsmobs:leafcutter_anthill":2,"minecraft:porkchop":1,"minecraft:carrot":1,"minecraft:redstone":2,"minecraft:arrow":26,"minecraft:rotten_flesh":27,"alexsmobs:flying_fish":6,"minecraft:cobblestone":539,"minecraft:birch_log":39,"minecraft:feather":10,"iceandfire:sea_serpent_fang":5,"minecraft:golden_carrot":7,"minecraft:jungle_log":1,"minecraft:leather":3,"iceandfire:armor_red_chestplate":1,"structuresadventures:basekleg":2,"minecraft:smoker":1,"toughasnails:leaf_helmet":1,"savage_and_ravage:creeper_spores":3,"minecraft:oak_log":67,"minecraft:gunpowder":23,"minecraft:cobblestone_stairs":7,"minecraft:lapis_lazuli":45,"minecraft:dirt":271,"minecraft:lantern":4,"minecraft:red_carpet":3,"minecraft:bone":28,"minecraft:stonecutter":1,"minecraft:wheat_seeds":14,"alexsmobs:cockroach_wing_fragment":1,"minecraft:iron_ingot":3,"minecraft:cooked_chicken":16,"minecraft:glowstone_dust":3,"minecraft:polished_andesite_slab":2,"iceandfire:fire_dragon_flesh":1,"minecraft:iron_sword":3,"minecraft:oak_planks":8,"minecraft:oak_slab":4,"toughasnails:purified_water_canteen":1,"endrem:witch_pupil":2,"iceandfire:armor_black_boots":1,"minecraft:stone_brick_slab":56,"minecraft:gravel":107,"iceandfire:dragon_skull_fire":1,"alexsmobs:spawn_egg_komodo_dragon":1,"minecraft:blast_furnace":1,"minecraft:ink_sac":1,"minecraft:white_bed":3,"minecraft:spider_eye":3,"minecraft:barrel":13,"minecraft:diamond":4,"minecraft:stone_axe":1,"minecraft:granite":2,"minecraft:bread":36,"minecraft:oak_sapling":14,"minecraft:coal":158,"minecraft:oak_leaves":3,"minecraft:hopper":3}},"DataVersion":2975}