{"stats":{"minecraft:broken":{"stalwart_dungeons:warted_tungsten_chestplate":1,"minecraft:iron_pickaxe":1},"minecraft:custom":{"minecraft:interact_with_crafting_table":41,"minecraft:open_barrel":173,"minecraft:leave_game":6,"minecraft:time_since_death":117049,"minecraft:damage_resisted":2506,"minecraft:sprint_one_cm":697475,"minecraft:damage_blocked_by_shield":190,"minecraft:drop":109,"minecraft:talked_to_villager":122,"minecraft:play_time":595248,"minecraft:deaths":5,"minecraft:jump":3678,"minecraft:interact_with_brewingstand":2,"minecraft:walk_on_water_one_cm":94002,"minecraft:interact_with_furnace":10,"minecraft:traded_with_villager":435,"minecraft:sleep_in_bed":14,"minecraft:damage_dealt":13660,"minecraft:player_kills":5,"minecraft:crouch_one_cm":494,"minecraft:interact_with_smoker":10,"minecraft:mob_kills":396,"minecraft:interact_with_anvil":36,"minecraft:damage_dealt_resisted":231,"minecraft:climb_one_cm":43263,"minecraft:walk_one_cm":1599606,"minecraft:sneak_time":1826,"minecraft:walk_under_water_one_cm":125686,"minecraft:boat_one_cm":470343,"minecraft:interact_with_blast_furnace":6,"minecraft:total_world_time":595248,"minecraft:time_since_rest":48755,"minecraft:damage_taken":4609,"minecraft:swim_one_cm":47674,"minecraft:fly_one_cm":1070833,"minecraft:open_chest":123,"minecraft:fall_one_cm":41726},"minecraft:killed":{"guardvillagers:guard":1,"minecraft:cave_spider":5,"minecraft:zombified_piglin":13,"minecraft:spider":28,"minecraft:skeleton":22,"alexsmobs:orca":1,"minecraft:guardian":2,"pillagershunts:assasin_pillager":3,"minecraft:chicken":1,"iceandfire:dread_scuttler":33,"minecraft:piglin_brute":4,"minecraft:piglin":3,"minecraft:pig":1,"minecraft:zombie_villager":1,"minecraft:salmon":2,"stalwart_dungeons:giddy_blaze":8,"alexsmobs:seal":8,"minecraft:iron_golem":1,"minecraft:creeper":32,"minecraft:zombie":46,"alexsmobs:cachalot_whale":4,"minecraft:stray":23,"minecraft:glow_squid":1,"iceandfire:dread_ghoul":16,"pillagershunts:pillager_hunter":1,"iceandfire:sea_serpent":2,"minecraft:blaze":8,"savage_and_ravage:skeleton_villager":2,"alexsmobs:tasmanian_devil":1,"iceandfire:dread_beast":26,"minecraft:slime":3,"minecraft:phantom":1,"iceandfire:dread_knight":17,"iceandfire:dread_thrall":26,"iceandfire:siren":1,"stalwart_dungeons:nether_wart_cocoon":1,"alexsmobs:tusklin":7,"iceandfire:cyclops":1,"minecraft:rabbit":1,"minecraft:squid":2,"minecraft:polar_bear":1,"alexsmobs:catfish":2,"alexsmobs:crocodile":1,"savage_and_ravage:iceologer":1,"alexsmobs:moose":2,"iceandfire:ice_dragon":1,"minecraft:wither_skeleton":12,"campsite_structures:camper":4,"minecraft:villager":7},"minecraft:picked_up":{"minecraft:wheat":1,"minecraft:chainmail_boots":3,"minecraft:prismarine_shard":2,"minecraft:oak_stairs":6,"minecraft:enchanted_book":4,"minecraft:potion":2,"minecraft:nether_brick":16,"minecraft:golden_sword":1,"minecraft:brewing_stand":2,"additionalguns:awm":1,"iceandfire:manuscript":9,"minecraft:string":29,"minecraft:raw_copper":102,"minecraft:red_nether_bricks":2,"minecraft:shroomlight":8,"minecraft:gold_nugget":41,"alexsmobs:cooked_moose_ribs":4,"iceandfire:myrmex_desert_resin":40,"sophisticatedbackpacks:netherite_backpack":2,"minecraft:iron_boots":4,"minecraft:furnace":2,"minecraft:tipped_arrow":12,"endrem:evil_eye":1,"iceandfire:ghost_chest":1,"minecraft:torch":6,"minecraft:green_bed":1,"iceandfire:dread_sword":1,"minecraft:porkchop":27,"minecraft:snow_block":1,"minecraft:diorite":2,"minecraft:cauldron":1,"minecraft:rabbit_foot":1,"minecraft:quartz_block":5,"minecraft:stone_sword":1,"minecraft:rotten_flesh":97,"minecraft:blaze_rod":7,"minecraft:obsidian":2,"minecraft:iron_bars":14,"minecraft:snowball":6,"minecraft:cobblestone":112,"iceandfire:sapphire_gem":6,"minecraft:leather_chestplate":1,"minecraft:feather":3,"minecraft:cooked_beef":5,"minecraft:potato":29,"stalwart_dungeons:warted_tungsten_helmet":1,"minecraft:lapis_lazuli":15,"minecraft:dirt":27,"minecraft:leather_boots":1,"minecraft:bone":103,"minecraft:bow":5,"minecraft:wheat_seeds":10,"iceandfire:shiny_scales":10,"minecraft:grass_block":2,"minecraft:spectral_arrow":24,"minecraft:light_gray_concrete":8,"stalwart_dungeons:spore_vaporizer":1,"iceandfire:lectern":1,"minecraft:crossbow":1,"minecraft:granite":16,"minecraft:chainmail_helmet":4,"alexsmobs:maggot":4,"minecraft:netherrack":11,"iceandfire:silver_nugget":662,"additionalguns:ace_of_spades":6,"iceandfire:copper_ingot":1,"minecraft:spruce_leaves":3,"minecraft:crafting_table":1,"minecraft:splash_potion":1,"minecraft:chicken":1,"minecraft:nether_wart":36,"minecraft:leather_leggings":1,"minecraft:cooked_rabbit":2,"iceandfire:frozen_cobblestone":2,"minecraft:chain":4,"minecraft:shield":1,"iceandfire:frozen_stone":2,"minecraft:item_frame":8,"minecraft:blackstone":11,"minecraft:cracked_stone_bricks":1,"additionalguns:usas12":2,"iceandfire:dread_knight_sword":3,"iceandfire:dread_shard":65,"minecraft:iron_nugget":19,"minecraft:sugar_cane":1,"iceandfire:ice_dragon_heart":1,"minecraft:raw_iron":9,"iceandfire:dragonbone":27,"sophisticatedbackpacks:backpack":2,"minecraft:carrot":5,"minecraft:prismarine_crystals":4,"alexsmobs:crocodile_scute":1,"iceandfire:dragon_skull_ice":3,"iceandfire:silver_ingot":2,"minecraft:arrow":33,"minecraft:stone_shovel":1,"minecraft:nether_bricks":20,"sophisticatedbackpacks:copper_backpack":1,"minecraft:rail":26,"minecraft:clock":1,"minecraft:glow_ink_sac":6,"minecraft:leather":9,"minecraft:chainmail_chestplate":3,"minecraft:golden_boots":1,"minecraft:gunpowder":27,"iceandfire:dragonscales_blue":81,"smallships:cannon_ball":201,"minecraft:red_carpet":2,"minecraft:stone_bricks":35,"minecraft:rabbit_hide":2,"minecraft:iron_ingot":6,"dragonseeker:dragonseeker":3,"minecraft:iron_sword":1,"minecraft:soul_sand":6,"stalwart_dungeons:transient_block_close":1,"minecraft:oak_slab":1,"minecraft:quartz":23,"minecraft:cracked_nether_bricks":1,"another_furniture:spruce_drawer":9,"minecraft:spruce_sapling":1,"minecraft:soul_torch":2,"minecraft:white_bed":4,"minecraft:spruce_log":35,"minecraft:crying_obsidian":3,"minecraft:spider_eye":30,"minecraft:leather_helmet":1,"minecraft:slime_ball":4,"minecraft:stone_axe":1,"minecraft:chainmail_leggings":3,"minecraft:iron_helmet":1,"iceandfire:ice_dragon_flesh":1,"enchantwithmob:mob_enchant_book":1,"minecraft:coal":90,"minecraft:ender_pearl":3},"minecraft:used":{"iceandfire:lectern":2,"additionalguns:usas12":1082,"sophisticatedbackpacks:copper_backpack":1,"iceandfire:dragon_skull_ice":2,"minecraft:ladder":1,"additionalguns:awm":88,"minecraft:chest":6,"minecraft:stone":1,"minecraft:iron_sword":215,"minecraft:nether_bricks":14,"minecraft:carrot":1,"minecraft:villager_spawn_egg":7,"minecraft:grass_block":1,"minecraft:stone_bricks":129,"minecraft:item_frame":35,"minecraft:furnace":2,"minecraft:skeleton_skull":1,"minecraft:potato":9,"minecraft:diorite":18,"minecraft:stone_pickaxe":94,"minecraft:oak_planks":1,"minecraft:blast_furnace":1,"minecraft:crossbow":10,"sophisticatedbackpacks:backpack":2,"minecraft:lectern":44,"iceandfire:ice_dragon_flesh":1,"additionalguns:ace_of_spades":319,"minecraft:cooked_rabbit":2,"minecraft:golden_pickaxe":15,"minecraft:iron_bars":5,"minecraft:flint_and_steel":1,"minecraft:spruce_planks":41,"additionalguns:over_under":148,"minecraft:netherrack":2,"minecraft:torch":251,"minecraft:brewing_stand":10,"minecraft:anvil":4,"cgm:workbench":1,"sophisticatedbackpacks:netherite_backpack":6,"minecraft:granite":32,"minecraft:shroomlight":1,"minecraft:stone_brick_slab":34,"minecraft:oak_stairs":2,"minecraft:iron_boots":1,"minecraft:barrel":6,"minecraft:cooked_beef":1,"minecraft:enchanted_golden_apple":58,"minecraft:wheat_seeds":2,"minecraft:green_bed":1,"minecraft:cracked_stone_bricks":5,"minecraft:crafting_table":1,"minecraft:white_bed":4,"minecraft:light_gray_concrete_powder":8,"minecraft:spruce_log":22,"minecraft:smoker":1,"minecraft:iron_pickaxe":476,"another_furniture:spruce_drawer":27,"minecraft:stone_axe":65,"minecraft:cobblestone":16,"minecraft:potion":2,"minecraft:cooked_porkchop":2,"iceandfire:dread_stone_bricks_cracked":6},"minecraft:crafted":{"minecraft:light_gray_concrete_powder":8,"minecraft:smooth_stone":3,"iceandfire:shiny_scales":15,"minecraft:stone":3,"minecraft:bookshelf":7,"minecraft:glass":12,"another_furniture:spruce_drawer":18,"iceandfire:manuscript":404,"minecraft:smoker":1,"minecraft:item_frame":8,"minecraft:emerald":86,"minecraft:cooked_porkchop":24,"minecraft:spruce_planks":116,"minecraft:copper_ingot":27,"minecraft:stick":108,"endrem:evil_eye":1,"minecraft:iron_ingot":99,"minecraft:iron_pickaxe":1,"minecraft:light_gray_dye":16,"minecraft:redstone":24,"iceandfire:myrmex_desert_resin":123,"minecraft:furnace":2,"minecraft:blast_furnace":1,"minecraft:gray_dye":8,"iceandfire:troll_tusk":84,"minecraft:flint_and_steel":1,"minecraft:spruce_wood":6,"minecraft:spruce_slab":12,"minecraft:ender_pearl":19,"minecraft:stone_pickaxe":1,"cgm:workbench":1,"iceandfire:silver_ingot":75,"iceandfire:sea_serpent_fang":60,"minecraft:glowstone":12,"minecraft:enchanted_book":8,"minecraft:bread":60,"minecraft:air":0,"minecraft:gold_nugget":2,"minecraft:pumpkin_pie":48,"minecraft:torch":92,"minecraft:lapis_lazuli":12},"minecraft:killed_by":{"alexsmobs:tusklin":1,"iceandfire:dread_ghoul":1,"iceandfire:sea_serpent":1,"minecraft:player":2},"minecraft:mined":{"minecraft:white_bed":4,"minecraft:red_nether_bricks":2,"minecraft:brewing_stand":2,"minecraft:granite":16,"minecraft:grass_block":9,"iceandfire:lectern":1,"minecraft:nether_wart":25,"minecraft:spawner":19,"minecraft:polished_blackstone_bricks":1,"another_furniture:spruce_drawer":9,"minecraft:fire":48,"minecraft:iron_ore":6,"minecraft:water_cauldron":1,"minecraft:oak_stairs":4,"minecraft:iron_bars":13,"minecraft:light_gray_concrete":8,"minecraft:green_bed":1,"minecraft:quartz_block":12,"minecraft:blackstone":18,"stalwart_dungeons:transient_block_close":3,"iceandfire:ghost_chest":1,"iceandfire:sapphire_ore":4,"minecraft:nether_quartz_ore":8,"minecraft:cobblestone":2,"minecraft:wall_torch":1,"minecraft:white_terracotta":1,"minecraft:wheat":2,"minecraft:grass":7,"minecraft:dirt":12,"minecraft:netherrack":20,"minecraft:nether_gold_ore":9,"minecraft:mossy_cobblestone":1,"minecraft:nether_bricks":21,"iceandfire:frozen_stone":2,"minecraft:spruce_leaves":7,"minecraft:cracked_nether_bricks":1,"minecraft:large_fern":1,"minecraft:furnace":2,"minecraft:carrots":1,"minecraft:potatoes":9,"minecraft:vine":6,"minecraft:shroomlight":10,"minecraft:rail":26,"minecraft:packed_ice":21,"minecraft:stone":79,"sophisticatedbackpacks:backpack":1,"minecraft:oak_slab":1,"minecraft:soul_sand":3,"minecraft:brown_carpet":2,"minecraft:crafting_table":1,"minecraft:copper_ore":25,"minecraft:lapis_ore":1,"minecraft:diorite":2,"minecraft:ice":7,"minecraft:spruce_log":37,"minecraft:coal_ore":56,"iceandfire:silver_pile":66,"minecraft:cobweb":2,"minecraft:cracked_stone_bricks":3,"minecraft:stone_bricks":36,"minecraft:mossy_stone_bricks":1},"minecraft:dropped":{"stalwart_dungeons:spore_vaporizer":1,"minecraft:iron_sword":2,"minecraft:porkchop":5,"minecraft:cooked_porkchop":11,"minecraft:dirt":11,"minecraft:snowball":21,"sophisticatedbackpacks:netherite_backpack":2,"minecraft:pumpkin_pie":48,"minecraft:gold_nugget":5,"minecraft:gold_ingot":24,"stalwart_dungeons:warted_tungsten_helmet":1,"minecraft:rotten_flesh":1,"minecraft:enchanted_golden_apple":81,"iceandfire:frozen_stone":1,"endrem:evil_eye":1,"minecraft:carrot":1,"minecraft:rabbit_foot":1,"iceandfire:shiny_scales":15,"iceandfire:dread_knight_sword":1,"minecraft:red_nether_bricks":1,"iceandfire:manuscript":100,"minecraft:golden_boots":1,"minecraft:bread":60,"minecraft:wheat_seeds":2,"additionalguns:ace_of_spades":1,"minecraft:cobblestone":28,"minecraft:granite":2,"minecraft:grass_block":1,"minecraft:stick":4,"minecraft:potion":1,"minecraft:oak_stairs":2,"minecraft:string":9,"iceandfire:frozen_cobblestone":2,"additionalguns:usas12":1,"alexsmobs:crocodile_scute":1,"iceandfire:dragonarmor_iron_neck":1,"minecraft:stone_sword":1,"iceandfire:myrmex_desert_resin":123,"iceandfire:troll_tusk":84,"minecraft:nether_bricks":1,"iceandfire:sea_serpent_fang":60}},"DataVersion":2975}