{"stats":{"minecraft:custom":{"minecraft:interact_with_crafting_table":52,"minecraft:open_barrel":65,"minecraft:bell_ring":20,"minecraft:leave_game":5,"minecraft:time_since_death":192761,"minecraft:sprint_one_cm":812690,"minecraft:damage_blocked_by_shield":2650,"minecraft:drop":97,"minecraft:talked_to_villager":1,"minecraft:play_time":517366,"minecraft:deaths":10,"minecraft:jump":2687,"minecraft:interact_with_brewingstand":1,"minecraft:walk_on_water_one_cm":59800,"minecraft:interact_with_furnace":19,"minecraft:interact_with_cartography_table":2,"minecraft:sleep_in_bed":13,"minecraft:damage_dealt":250,"minecraft:player_kills":3,"minecraft:crouch_one_cm":1207,"minecraft:interact_with_smoker":6,"minecraft:inspect_dispenser":2,"minecraft:mob_kills":479,"minecraft:interact_with_anvil":20,"minecraft:interact_with_campfire":16,"minecraft:climb_one_cm":9329,"minecraft:walk_one_cm":1525143,"minecraft:raid_win":2,"minecraft:sneak_time":1233,"minecraft:walk_under_water_one_cm":104086,"minecraft:boat_one_cm":305823,"minecraft:interact_with_blast_furnace":7,"minecraft:total_world_time":517366,"minecraft:raid_trigger":5,"minecraft:interact_with_grindstone":1,"minecraft:interact_with_stonecutter":5,"minecraft:time_since_rest":53226,"minecraft:damage_taken":2601,"minecraft:swim_one_cm":63815,"minecraft:fly_one_cm":1097225,"minecraft:open_chest":123,"minecraft:fall_one_cm":11830},"minecraft:mined":{"minecraft:white_bed":3,"minecraft:cobblestone_stairs":7,"minecraft:brewing_stand":1,"minecraft:granite":2,"minecraft:grass_block":17,"minecraft:hopper":3,"minecraft:iron_ore":41,"minecraft:barrel":4,"iceandfire:gold_pile":19,"minecraft:smoker":1,"minecraft:torch":32,"minecraft:blast_furnace":1,"minecraft:poppy":1,"minecraft:melon":16,"minecraft:cobblestone":12,"minecraft:sugar_cane":3,"minecraft:oak_planks":2,"minecraft:wall_torch":19,"minecraft:birch_log":41,"minecraft:stone_brick_stairs":19,"minecraft:grass":23,"minecraft:oak_log":68,"minecraft:dirt":31,"minecraft:stonecutter":1,"minecraft:oak_leaves":66,"minecraft:mossy_cobblestone":4,"minecraft:polished_andesite_slab":2,"minecraft:large_fern":4,"minecraft:andesite":1,"minecraft:lantern":4,"minecraft:stone":507,"minecraft:podzol":4,"minecraft:stone_brick_slab":56,"minecraft:crafting_table":1,"minecraft:tall_grass":2,"minecraft:copper_ore":20,"minecraft:lapis_ore":7,"minecraft:coarse_dirt":1,"minecraft:coal_ore":116,"minecraft:mycelium":1,"minecraft:gravel":10,"minecraft:cobweb":26,"minecraft:stone_bricks":2,"minecraft:fern":3},"minecraft:killed_by":{"minecraft:drowned":1,"iceandfire:sea_serpent":1,"pillagershunts:archer_pillager":1,"structuresadventures:chicken_warrior":2,"minecraft:zombie":1,"alexsmobs:skelewag":1,"pillagershunts:assasin_pillager":1,"minecraft:skeleton":1},"minecraft:used":{"additionalguns:usas12":1975,"alexsmobs:spawn_egg_anteater":19,"minecraft:chest":2,"minecraft:shield":33,"minecraft:iron_sword":33,"additionalguns:mammoth":51,"minecraft:lantern":4,"minecraft:furnace":1,"additionalguns:magnum":11,"minecraft:stone_pickaxe":778,"minecraft:oak_planks":13,"minecraft:wooden_pickaxe":116,"nzgexpansion:heavy_revolver":58,"minecraft:blast_furnace":1,"cgm:bazooka":52,"minecraft:shears":42,"savage_and_ravage:creeper_spores":1,"minecraft:bread":6,"minecraft:melon_slice":1,"iceandfire:dragon_skull_fire":1,"minecraft:oak_boat":1,"structuresadventures:toki_mask_helmet":1,"structuresadventures:basekleg":1,"additionalguns:over_under":60,"minecraft:wooden_shovel":26,"savage_and_ravage:cleaver_of_beheading":1,"toughasnails:leaf_boots":1,"minecraft:torch":143,"minecraft:brewing_stand":1,"minecraft:dirt":7,"minecraft:anvil":4,"minecraft:cobblestone_wall":1,"minecraft:oak_wood":3,"additionalguns:glock18":11,"minecraft:stone_brick_slab":2,"additionalguns:g11":134,"minecraft:barrel":31,"minecraft:golden_carrot":1,"additionalguns:m1014":6,"additionalguns:ssg08":60,"minecraft:cooked_mutton":2,"toughasnails:leaf_leggings":1,"minecraft:cobblestone_stairs":44,"cgm:pistol":4,"minecraft:stonecutter":2,"minecraft:crafting_table":3,"minecraft:white_bed":3,"minecraft:smoker":1,"toughasnails:leaf_chestplate":1,"minecraft:stone_axe":147,"minecraft:cobblestone":101,"minecraft:porkchop":1,"toughasnails:purified_water_canteen":14,"minecraft:pillager_spawn_egg":121,"nzgexpansion:bolt_action_rifle":61},"minecraft:picked_up":{"toughasnails:leaf_leggings":5,"iceandfire:myrmex_jungle_chitin":2,"minecraft:stone_brick_stairs":16,"minecraft:brewing_stand":1,"minecraft:string":46,"minecraft:raw_copper":84,"minecraft:diamond_leggings":3,"minecraft:gold_nugget":177,"minecraft:melon_slice":70,"cgm:advanced_bullet":96,"iceandfire:pixie_dust":1,"minecraft:stick":175,"minecraft:torch":52,"minecraft:porkchop":5,"structuresadventures:rotten_flesh_moosy_cobblestone":27,"minecraft:rotten_flesh":40,"minecraft:cod":1,"alexsmobs:flying_fish":13,"minecraft:cobblestone":539,"minecraft:birch_log":39,"minecraft:leather_chestplate":1,"minecraft:feather":10,"minecraft:andesite":9,"minecraft:jungle_log":1,"minecraft:golden_leggings":2,"iceandfire:armor_red_chestplate":1,"minecraft:smoker":1,"toughasnails:leaf_helmet":1,"minecraft:lapis_lazuli":45,"minecraft:lantern":4,"minecraft:dirt":271,"minecraft:leather_boots":2,"minecraft:bone":38,"minecraft:stonecutter":1,"minecraft:wheat_seeds":20,"minecraft:glowstone_dust":3,"minecraft:bamboo":72,"minecraft:oak_planks":8,"iceandfire:amphithere_feather":7,"toughasnails:purified_water_canteen":1,"iceandfire:armor_black_boots":1,"iceandfire:dragon_skull_fire":1,"alexsmobs:spawn_egg_komodo_dragon":1,"minecraft:ink_sac":1,"minecraft:barrel":13,"cgm:pistol":4,"structuresadventures:rotten_flesh_stone":6,"minecraft:sugar":4,"minecraft:diamond":4,"minecraft:lever":1,"minecraft:granite":21,"minecraft:grass":10,"minecraft:emerald":68,"minecraft:bread":36,"minecraft:oak_sapling":14,"minecraft:oak_leaves":25,"minecraft:coarse_dirt":1,"minecraft:fishing_rod":1,"minecraft:cocoa_beans":12,"minecraft:crafting_table":1,"minecraft:chicken":33,"minecraft:ladder":1,"pillagershunts:assasin_sword":1,"minecraft:wooden_pickaxe":1,"minecraft:shield":2,"structuresadventures:rotten_flesh_iron_bars_door":2,"minecraft:iron_axe":1,"additionalguns:usas12":1,"minecraft:beef":8,"minecraft:oak_boat":1,"minecraft:iron_nugget":13,"minecraft:sugar_cane":9,"minecraft:birch_sapling":1,"minecraft:phantom_membrane":1,"minecraft:raw_iron":40,"iceandfire:dragonbone":10,"structuresadventures:rotten_flesh_bricks":5,"alexsmobs:leafcutter_anthill":2,"minecraft:carrot":1,"minecraft:redstone":3,"structuresadventures:rotten_flesh_cobblestone":39,"minecraft:arrow":67,"minecraft:diamond_boots":1,"minecraft:saddle":4,"minecraft:totem_of_undying":2,"structuresadventures:rotten_flesh_iron_bars":1,"structuresadventures:rotten_flesh_cobblestone_stairs":1,"iceandfire:sea_serpent_fang":5,"minecraft:golden_carrot":7,"minecraft:leather":3,"additionalguns:bullet_long":31,"structuresadventures:basekleg":2,"savage_and_ravage:creeper_spores":20,"minecraft:oak_log":67,"iceandfire:ectoplasm":1,"minecraft:golden_boots":1,"minecraft:gunpowder":37,"minecraft:cobblestone_stairs":7,"additionalguns:casing_long":208,"minecraft:white_banner":11,"minecraft:red_carpet":3,"minecraft:kelp":4,"alexsmobs:cockroach_wing_fragment":1,"minecraft:iron_ingot":3,"minecraft:cooked_chicken":16,"minecraft:polished_andesite_slab":2,"minecraft:iron_sword":3,"iceandfire:fire_dragon_flesh":1,"minecraft:oak_slab":4,"endrem:witch_pupil":3,"minecraft:stone_brick_slab":56,"minecraft:dandelion":1,"minecraft:gravel":107,"minecraft:blast_furnace":1,"minecraft:white_bed":3,"minecraft:spider_eye":8,"minecraft:stone_axe":1,"savage_and_ravage:cleaver_of_beheading":1,"minecraft:melon_seeds":2,"minecraft:coal":158,"minecraft:hopper":3},"minecraft:broken":{"toughasnails:leaf_boots":2,"minecraft:stone_pickaxe":5,"minecraft:stone_axe":1,"toughasnails:leaf_leggings":2,"minecraft:wooden_pickaxe":2,"toughasnails:purified_water_canteen":2,"toughasnails:leaf_helmet":1},"minecraft:killed":{"alexsmobs:hummingbird":1,"minecraft:witch":3,"minecraft:spider":23,"minecraft:cod":3,"minecraft:skeleton":35,"savage_and_ravage:griefer":8,"minecraft:chicken":2,"alexsmobs:leafcutter_ant":125,"pillagershunts:assasin_pillager":15,"alexsmobs:capuchin_monkey":2,"minecraft:silverfish":1,"savage_and_ravage:creepie":4,"structuresadventures:toki_zombie_3":2,"minecraft:pig":3,"minecraft:zombie_villager":1,"structuresadventures:toki_zombie":4,"savage_and_ravage:executioner":4,"structuresadventures:toki_zombie_2":1,"minecraft:creeper":45,"minecraft:pillager":51,"minecraft:zombie":32,"alexsmobs:toucan":3,"iceandfire:lightning_dragon":1,"pillagershunts:pillager_hunter":8,"pillagershunts:archer_pillager":4,"minecraft:evoker":1,"structuresadventures:chicken_tnt":1,"alexsmobs:tiger":1,"alexsmobs:raccoon":2,"minecraft:vindicator":15,"minecraft:phantom":1,"alexsmobs:gorilla":9,"minecraft:drowned":1,"alexsmobs:frilled_shark":1,"alexsmobs:flying_fish":6,"savage_and_ravage:trickster":2,"pillagershunts:the_old_one":1,"iceandfire:amphithere":2,"minecraft:ravager":4,"alexsmobs:cockroach":3,"iceandfire:ghost":1,"structuresadventures:chicken_warrior":40,"campsite_structures:camper":2},"minecraft:crafted":{"minecraft:oak_planks":152,"minecraft:smooth_stone":3,"minecraft:barrel":27,"minecraft:birch_slab":60,"minecraft:stone":6,"minecraft:cooked_mutton":2,"minecraft:chest":2,"toughasnails:leaf_helmet":1,"toughasnails:leaf_boots":1,"minecraft:wooden_shovel":1,"minecraft:crafting_table":2,"minecraft:wooden_pickaxe":1,"minecraft:copper_ingot":64,"minecraft:gold_block":2,"minecraft:oak_wood":3,"minecraft:birch_planks":156,"minecraft:charcoal":7,"minecraft:stick":152,"minecraft:iron_ingot":40,"minecraft:gold_ingot":21,"minecraft:shears":1,"minecraft:iron_nugget":342,"minecraft:furnace":1,"minecraft:stone_pickaxe":10,"minecraft:cobblestone_wall":1,"toughasnails:leaf_chestplate":1,"minecraft:stone_axe":2,"minecraft:air":0,"minecraft:oak_boat":1,"minecraft:white_wool":13,"minecraft:gold_nugget":18,"minecraft:stonecutter":1,"firstaid:bandage":16,"minecraft:armor_stand":3,"minecraft:torch":112},"minecraft:dropped":{"minecraft:iron_sword":1,"minecraft:oak_log":10,"minecraft:birch_slab":6,"minecraft:dirt":47,"minecraft:grass":5,"firstaid:bandage":48,"alexsmobs:flying_fish":5,"minecraft:sugar":2,"minecraft:bone":2,"minecraft:gold_ingot":1,"minecraft:armor_stand":3,"minecraft:gravel":1,"minecraft:stone_axe":2,"cgm:pistol":4,"alexsmobs:spawn_egg_komodo_dragon":1,"minecraft:rotten_flesh":13,"minecraft:oak_planks":18,"minecraft:infested_stone_bricks":64,"structuresadventures:basekleg":1,"alexsmobs:spawn_egg_anteater":1,"minecraft:iron_ingot":1,"minecraft:bread":36,"endrem:witch_pupil":1,"minecraft:diamond_leggings":2,"minecraft:feather":1,"minecraft:cobblestone":37,"minecraft:granite":1,"minecraft:coal":12,"minecraft:stick":102,"minecraft:torch":31,"toughasnails:leaf_helmet":1,"toughasnails:leaf_leggings":3,"nzgexpansion:bolt_action_rifle":1,"minecraft:string":1,"minecraft:stone_brick_slab":57,"iceandfire:dragonbone":10,"cgm:advanced_bullet":135,"additionalguns:usas12":1,"nzgexpansion:medium_bullet":144,"toughasnails:empty_canteen":1,"toughasnails:leaf_chestplate":1,"minecraft:coarse_dirt":1,"minecraft:cocoa_beans":6,"minecraft:raw_copper":5,"minecraft:chicken":4,"additionalguns:over_under":1,"additionalguns:mammoth":2,"minecraft:golden_leggings":1,"minecraft:wooden_shovel":1,"minecraft:stone_bricks":448,"minecraft:barrel":9,"minecraft:bamboo":5,"minecraft:stone_pickaxe":1}},"DataVersion":2975}