{"stats":{"minecraft:crafted":{"minecraft:oak_planks":128,"minecraft:smooth_stone":3,"minecraft:barrel":27,"minecraft:birch_slab":60,"minecraft:furnace":1,"minecraft:stone":6,"minecraft:stone_pickaxe":10,"minecraft:cobblestone_wall":1,"minecraft:chest":1,"minecraft:wooden_shovel":1,"minecraft:crafting_table":1,"minecraft:wooden_pickaxe":1,"minecraft:copper_ingot":64,"minecraft:oak_wood":3,"minecraft:birch_planks":156,"minecraft:stone_axe":2,"minecraft:air":0,"minecraft:charcoal":7,"minecraft:stick":152,"minecraft:iron_ingot":40,"minecraft:stonecutter":1,"minecraft:armor_stand":3,"minecraft:torch":112},"minecraft:custom":{"minecraft:mob_kills":67,"minecraft:interact_with_crafting_table":33,"minecraft:open_barrel":4,"minecraft:interact_with_campfire":16,"minecraft:leave_game":1,"minecraft:time_since_death":114,"minecraft:climb_one_cm":5570,"minecraft:sprint_one_cm":362635,"minecraft:walk_one_cm":676323,"minecraft:damage_blocked_by_shield":2460,"minecraft:drop":43,"minecraft:play_time":210341,"minecraft:deaths":6,"minecraft:sneak_time":945,"minecraft:walk_under_water_one_cm":22834,"minecraft:jump":1317,"minecraft:interact_with_brewingstand":1,"minecraft:interact_with_blast_furnace":7,"minecraft:walk_on_water_one_cm":9597,"minecraft:total_world_time":210341,"minecraft:interact_with_furnace":18,"minecraft:interact_with_cartography_table":1,"minecraft:interact_with_stonecutter":5,"minecraft:sleep_in_bed":9,"minecraft:time_since_rest":244,"minecraft:damage_taken":1946,"minecraft:damage_dealt":90,"minecraft:swim_one_cm":23071,"minecraft:fly_one_cm":138973,"minecraft:player_kills":2,"minecraft:open_chest":64,"minecraft:crouch_one_cm":1126,"minecraft:interact_with_smoker":5,"minecraft:fall_one_cm":9090},"minecraft:broken":{"toughasnails:leaf_leggings":1,"toughasnails:leaf_boots":2,"minecraft:wooden_pickaxe":2,"minecraft:stone_pickaxe":4,"minecraft:stone_axe":1,"toughasnails:purified_water_canteen":1,"toughasnails:leaf_helmet":1},"minecraft:mined":{"minecraft:white_bed":3,"minecraft:cobblestone_stairs":7,"minecraft:brewing_stand":1,"minecraft:granite":2,"minecraft:grass_block":13,"minecraft:polished_andesite_slab":2,"minecraft:iron_ore":41,"minecraft:barrel":4,"iceandfire:gold_pile":19,"minecraft:lantern":4,"minecraft:stone":503,"minecraft:smoker":1,"minecraft:crafting_table":1,"minecraft:torch":32,"minecraft:blast_furnace":1,"minecraft:melon":16,"minecraft:cobblestone":9,"minecraft:copper_ore":20,"minecraft:tall_grass":1,"minecraft:lapis_ore":7,"minecraft:wall_torch":19,"minecraft:birch_log":41,"minecraft:grass":14,"minecraft:coal_ore":115,"minecraft:oak_log":62,"minecraft:gravel":8,"minecraft:dirt":29,"minecraft:stonecutter":1,"minecraft:oak_leaves":25,"minecraft:fern":3},"minecraft:dropped":{"minecraft:bread":36,"minecraft:oak_log":10,"minecraft:feather":1,"minecraft:cobblestone":32,"minecraft:granite":1,"minecraft:coal":12,"minecraft:birch_slab":6,"minecraft:stick":102,"minecraft:dirt":46,"minecraft:torch":31,"toughasnails:leaf_helmet":1,"toughasnails:leaf_leggings":1,"iceandfire:dragonbone":10,"minecraft:armor_stand":3,"minecraft:stone_axe":2,"toughasnails:empty_canteen":1,"toughasnails:leaf_chestplate":1,"minecraft:cocoa_beans":6,"minecraft:raw_copper":5,"minecraft:chicken":2,"minecraft:rotten_flesh":10,"minecraft:oak_planks":18,"structuresadventures:basekleg":1,"minecraft:wooden_shovel":1,"minecraft:barrel":9,"minecraft:stone_pickaxe":1},"minecraft:killed":{"minecraft:spider":3,"alexsmobs:gorilla":1,"minecraft:skeleton":11,"alexsmobs:leafcutter_ant":1,"pillagershunts:assasin_pillager":1,"minecraft:chicken":1,"minecraft:zombie_villager":1,"structuresadventures:toki_zombie":1,"minecraft:creeper":12,"minecraft:zombie":6,"iceandfire:lightning_dragon":1,"structuresadventures:chicken_warrior":18,"pillagershunts:pillager_hunter":2,"pillagershunts:archer_pillager":3,"campsite_structures:camper":2},"minecraft:killed_by":{"pillagershunts:assasin_pillager":1,"minecraft:drowned":1,"pillagershunts:archer_pillager":1,"structuresadventures:chicken_warrior":2},"minecraft:used":{"additionalguns:usas12":201,"structuresadventures:basekleg":1,"minecraft:chest":1,"minecraft:shield":27,"minecraft:wooden_shovel":26,"toughasnails:leaf_boots":1,"minecraft:torch":137,"minecraft:dirt":7,"minecraft:cobblestone_wall":1,"minecraft:oak_wood":3,"minecraft:lantern":4,"minecraft:barrel":31,"minecraft:golden_carrot":1,"minecraft:furnace":1,"toughasnails:leaf_leggings":1,"minecraft:cobblestone_stairs":44,"minecraft:stone_pickaxe":664,"minecraft:oak_planks":11,"minecraft:wooden_pickaxe":116,"minecraft:stonecutter":2,"nzgexpansion:heavy_revolver":36,"minecraft:crafting_table":2,"minecraft:blast_furnace":1,"minecraft:white_bed":3,"minecraft:smoker":1,"minecraft:melon_slice":1,"minecraft:bread":4,"toughasnails:leaf_chestplate":1,"minecraft:stone_axe":147,"minecraft:cobblestone":101,"toughasnails:purified_water_canteen":5,"nzgexpansion:bolt_action_rifle":35},"minecraft:picked_up":{"toughasnails:leaf_leggings":3,"minecraft:fishing_rod":1,"minecraft:cocoa_beans":12,"minecraft:crafting_table":1,"minecraft:chicken":18,"minecraft:wooden_pickaxe":1,"minecraft:brewing_stand":1,"minecraft:shield":2,"minecraft:raw_copper":69,"minecraft:gold_nugget":177,"minecraft:melon_slice":70,"iceandfire:pixie_dust":1,"minecraft:raw_iron":40,"minecraft:stick":118,"iceandfire:dragonbone":10,"minecraft:torch":51,"minecraft:arrow":9,"minecraft:rotten_flesh":11,"alexsmobs:flying_fish":1,"minecraft:cobblestone":501,"minecraft:birch_log":39,"minecraft:feather":9,"minecraft:golden_carrot":7,"minecraft:jungle_log":1,"iceandfire:armor_red_chestplate":1,"structuresadventures:basekleg":2,"minecraft:smoker":1,"toughasnails:leaf_helmet":1,"minecraft:oak_log":61,"minecraft:gunpowder":14,"minecraft:cobblestone_stairs":7,"minecraft:lapis_lazuli":45,"minecraft:lantern":4,"minecraft:dirt":59,"minecraft:bone":13,"minecraft:stonecutter":1,"minecraft:wheat_seeds":2,"minecraft:iron_ingot":1,"minecraft:cooked_chicken":16,"iceandfire:fire_dragon_flesh":1,"minecraft:polished_andesite_slab":2,"minecraft:oak_planks":6,"minecraft:iron_sword":1,"toughasnails:purified_water_canteen":1,"iceandfire:armor_black_boots":1,"iceandfire:dragon_skull_fire":1,"minecraft:gravel":106,"minecraft:blast_furnace":1,"minecraft:white_bed":3,"minecraft:barrel":13,"minecraft:stone_axe":1,"minecraft:granite":2,"minecraft:bread":36,"minecraft:oak_sapling":14,"minecraft:coal":157,"minecraft:oak_leaves":2}},"DataVersion":2975}