{"stats":{"minecraft:used":{"another_furniture:acacia_table":9,"additionalguns:usas12":3828,"alexsmobs:spawn_egg_anteater":19,"minecraft:ladder":1,"minecraft:black_carpet":6,"additionalguns:awm":16,"minecraft:chest":2,"minecraft:shield":33,"minecraft:iron_sword":33,"nzgexpansion:hunting_shotgun":4,"another_furniture:birch_shelf":30,"additionalguns:mammoth":211,"minecraft:jungle_planks":510,"minecraft:deepslate_brick_slab":8,"minecraft:polished_deepslate_stairs":6,"iceandfire:dragonegg_electric":1,"minecraft:lantern":16,"nzgexpansion:machine_gun":1540,"minecraft:wet_sponge":14,"minecraft:dark_oak_slab":6,"another_furniture:spruce_planter_box":7,"minecraft:diorite_wall":92,"minecraft:stone_brick_stairs":155,"minecraft:stone_bricks":828,"minecraft:item_frame":8,"nzgexpansion:automatic_sniper_rifle":30,"minecraft:red_carpet":83,"minecraft:furnace":1,"another_furniture:jungle_shelf":7,"cgm:heavy_rifle":1,"another_furniture:jungle_drawer":18,"additionalguns:magnum":14,"minecraft:stone_pickaxe":778,"minecraft:oak_planks":13,"minecraft:wooden_pickaxe":116,"toughasnails:water_canteen":44,"nzgexpansion:heavy_revolver":58,"another_furniture:gray_stool":2,"minecraft:blackstone_wall":4,"minecraft:blast_furnace":3,"minecraft:stone_brick_wall":4,"minecraft:crossbow":2,"minecraft:sponge":59,"cgm:bazooka":52,"minecraft:shears":42,"minecraft:deepslate_brick_stairs":62,"additionalguns:aks74u":6,"minecraft:melon_slice":1,"minecraft:bread":6,"savage_and_ravage:creeper_spores":1,"minecraft:iron_door":2,"iceandfire:chared_cobblestone":14,"minecraft:wooden_sword":7,"additionalguns:scar":28,"iceandfire:dragon_skull_fire":1,"additionalguns:ace_of_spades":163,"minecraft:smooth_stone_slab":9,"additionalguns:mp7a2":51,"minecraft:chain":9,"minecraft:oak_boat":1,"cgm:mini_gun":146,"another_furniture:birch_chair":5,"minecraft:enchanting_table":1,"toughasnails:water_purifier":2,"minecraft:armor_stand":2,"another_furniture:dark_oak_chair":5,"structuresadventures:toki_mask_helmet":1,"structuresadventures:basekleg":1,"additionalguns:over_under":174,"minecraft:wooden_shovel":26,"savage_and_ravage:cleaver_of_beheading":3,"toughasnails:leaf_boots":1,"another_furniture:black_lamp":29,"another_furniture:jungle_shutter":4,"minecraft:orange_bed":2,"minecraft:torch":143,"minecraft:dirt":7,"minecraft:brewing_stand":1,"minecraft:anvil":9,"minecraft:white_carpet":26,"cgm:workbench":4,"additionalguns:vintorez":17,"toughasnails:empty_canteen":5,"minecraft:cobblestone_wall":11,"minecraft:oak_wood":3,"cgm:rifle":3,"additionalguns:glock18":11,"minecraft:shroomlight":66,"minecraft:stone_brick_slab":209,"minecraft:bookshelf":44,"minecraft:iron_axe":48,"another_furniture:dark_oak_shutter":16,"minecraft:polished_blackstone_brick_stairs":184,"minecraft:totem_of_undying":1,"additionalguns:g11":405,"minecraft:barrel":31,"minecraft:golden_carrot":8,"additionalguns:m1014":11,"additionalguns:ssg08":84,"minecraft:cooked_beef":2,"nzgexpansion:rapid_smg":17,"minecraft:cooked_mutton":2,"toughasnails:leaf_leggings":1,"minecraft:water_bucket":23,"campsite_structures:camper_spawn_egg":3,"minecraft:cobblestone_stairs":44,"cgm:pistol":4,"another_furniture:gray_curtain":6,"additionalguns:custom_mac":28,"additionalguns:mac10":26,"additionalguns:ots_03":14,"minecraft:stonecutter":3,"iceandfire:dragon_skull_lightning":2,"minecraft:deepslate_bricks":65,"another_furniture:oak_table":6,"minecraft:crafting_table":6,"minecraft:white_bed":3,"minecraft:smoker":2,"minecraft:deepslate_tile_wall":13,"minecraft:diamond_pickaxe":197,"additionalguns:m1911":52,"minecraft:iron_pickaxe":55,"iceandfire:dragon_horn":4,"toughasnails:leaf_chestplate":1,"nzgexpansion:hunting_rifle":30,"minecraft:stone_axe":147,"another_furniture:orange_curtain":5,"minecraft:blue_carpet":36,"minecraft:cobblestone":101,"minecraft:porkchop":1,"minecraft:white_banner":16,"toughasnails:purified_water_canteen":28,"minecraft:glass_pane":191,"minecraft:pillager_spawn_egg":178,"minecraft:splash_potion":11,"nzgexpansion:bolt_action_rifle":61,"minecraft:smooth_stone":17},"minecraft:picked_up":{"toughasnails:leaf_leggings":6,"iceandfire:copper_ore":1,"iceandfire:myrmex_jungle_chitin":2,"minecraft:stone_brick_stairs":16,"firstaid:morphine":1,"additionalguns:ssg08":1,"minecraft:brewing_stand":1,"additionalguns:awm":1,"nzgexpansion:hunting_shotgun":2,"minecraft:string":58,"minecraft:raw_copper":84,"minecraft:diamond_leggings":4,"minecraft:gold_nugget":417,"minecraft:smooth_stone":13,"toughasnails:leaf_boots":1,"minecraft:iron_pickaxe":2,"minecraft:melon_slice":70,"cgm:advanced_bullet":96,"iceandfire:pixie_dust":1,"minecraft:stick":175,"minecraft:torch":52,"minecraft:porkchop":8,"structuresadventures:rotten_flesh_moosy_cobblestone":27,"minecraft:brown_carpet":9,"minecraft:rotten_flesh":62,"iceandfire:deathworm_chitin_yellow":1,"iceandfire:fire_dragon_heart":1,"nzgexpansion:medium_bullet":10,"minecraft:cod":2,"alexsmobs:flying_fish":14,"minecraft:cobblestone":791,"minecraft:birch_log":44,"minecraft:leather_chestplate":1,"minecraft:feather":12,"minecraft:andesite":9,"minecraft:jungle_log":1,"minecraft:golden_leggings":2,"iceandfire:armor_red_chestplate":1,"minecraft:smoker":2,"toughasnails:leaf_helmet":1,"minecraft:map":1,"minecraft:lapis_lazuli":45,"minecraft:dirt":275,"minecraft:lantern":5,"minecraft:leather_boots":2,"minecraft:bone":55,"minecraft:stonecutter":2,"minecraft:wheat_seeds":21,"minecraft:raw_gold":1,"minecraft:glowstone_dust":5,"minecraft:bamboo":72,"savage_and_ravage:griefer_chestplate":1,"minecraft:oak_planks":8,"iceandfire:amphithere_feather":7,"toughasnails:purified_water_canteen":1,"iceandfire:armor_black_boots":1,"minecraft:cooked_porkchop":1,"another_furniture:birch_shelf":21,"iceandfire:dragon_skull_fire":3,"alexsmobs:spawn_egg_komodo_dragon":1,"sophisticatedbackpacks:iron_backpack":4,"minecraft:ink_sac":4,"iceandfire:lightning_dragon_heart":1,"minecraft:barrel":13,"cgm:pistol":4,"structuresadventures:rotten_flesh_stone":6,"minecraft:sugar":6,"minecraft:diamond":5,"iceandfire:crackled_stone":35,"minecraft:lever":1,"alexsmobs:rattlesnake_rattle":2,"minecraft:crossbow":1,"minecraft:granite":21,"minecraft:grass":10,"minecraft:golden_apple":1,"minecraft:chainmail_helmet":1,"minecraft:emerald":130,"minecraft:bread":36,"minecraft:oak_sapling":14,"additionalguns:ace_of_spades":1,"minecraft:oak_leaves":26,"minecraft:coarse_dirt":1,"minecraft:fishing_rod":1,"iceandfire:dragon_skull_lightning":3,"minecraft:cocoa_beans":12,"minecraft:crafting_table":3,"minecraft:chicken":35,"minecraft:ladder":2,"pillagershunts:assasin_sword":1,"additionalguns:over_under":1,"minecraft:wooden_pickaxe":1,"alexsmobs:roadrunner_feather":1,"minecraft:shield":3,"structuresadventures:rotten_flesh_iron_bars_door":2,"nzgexpansion:machine_gun":2,"minecraft:iron_axe":1,"nzgexpansion:automatic_sniper_rifle":1,"iceandfire:amythest_gem":2,"iceandfire:bestiary":1,"additionalguns:usas12":3,"additionalguns:mp7a2":1,"cgm:mini_gun":1,"minecraft:beef":16,"minecraft:oak_boat":1,"minecraft:iron_nugget":13,"minecraft:sugar_cane":9,"cgm:bazooka":1,"minecraft:birch_sapling":1,"minecraft:phantom_membrane":2,"minecraft:egg":2,"minecraft:raw_iron":50,"iceandfire:dragonbone":37,"iceandfire:dragonscales_green":9,"structuresadventures:rotten_flesh_bricks":5,"sophisticatedbackpacks:backpack":2,"alexsmobs:leafcutter_anthill":2,"additionalguns:g11":1,"minecraft:carrot":1,"minecraft:redstone":7,"another_furniture:jungle_shelf":1,"structuresadventures:rotten_flesh_cobblestone":39,"iceandfire:dragonegg_electric":2,"minecraft:arrow":99,"minecraft:diamond_boots":3,"minecraft:saddle":5,"minecraft:totem_of_undying":5,"structuresadventures:rotten_flesh_iron_bars":1,"minecraft:mutton":8,"minecraft:white_wool":3,"structuresadventures:rotten_flesh_cobblestone_stairs":1,"iceandfire:sea_serpent_fang":5,"minecraft:golden_carrot":7,"minecraft:leather":8,"additionalguns:bullet_long":32,"structuresadventures:basekleg":2,"savage_and_ravage:creeper_spores":20,"minecraft:oak_log":68,"minecraft:chainmail_chestplate":1,"iceandfire:ectoplasm":1,"minecraft:golden_boots":2,"minecraft:cobblestone_wall":1,"minecraft:gunpowder":46,"minecraft:cobblestone_stairs":7,"additionalguns:casing_long":208,"minecraft:white_banner":14,"minecraft:red_carpet":3,"minecraft:stone_bricks":2,"minecraft:kelp":4,"alexsmobs:cockroach_wing_fragment":1,"iceandfire:dragon_stick":1,"minecraft:iron_ingot":22,"minecraft:cooked_chicken":16,"minecraft:glass_bottle":2,"minecraft:polished_andesite_slab":2,"minecraft:iron_sword":3,"iceandfire:fire_dragon_flesh":7,"iceandfire:crackled_cobblestone":18,"minecraft:book":2,"minecraft:oak_slab":10,"iceandfire:copper_nugget":458,"endrem:witch_pupil":3,"iceandfire:dragon_horn":1,"minecraft:stone_brick_slab":57,"nzgexpansion:hunting_rifle":2,"minecraft:dandelion":1,"minecraft:gravel":107,"minecraft:blast_furnace":4,"minecraft:white_bed":3,"additionalguns:mammoth":2,"minecraft:mossy_stone_brick_slab":1,"minecraft:spider_eye":11,"minecraft:slime_ball":6,"minecraft:stone_axe":1,"savage_and_ravage:cleaver_of_beheading":3,"minecraft:gray_wool":1,"minecraft:melon_seeds":2,"minecraft:coal":218,"minecraft:hopper":3},"minecraft:broken":{"toughasnails:leaf_boots":3,"toughasnails:leaf_chestplate":1,"minecraft:stone_pickaxe":5,"minecraft:stone_axe":1,"toughasnails:leaf_leggings":3,"toughasnails:water_canteen":3,"minecraft:wooden_pickaxe":2,"toughasnails:purified_water_canteen":5,"toughasnails:leaf_helmet":3},"minecraft:killed":{"guardvillagers:guard":1,"alexsmobs:hummingbird":1,"minecraft:witch":14,"minecraft:spider":43,"minecraft:cod":3,"minecraft:skeleton":81,"savage_and_ravage:griefer":22,"minecraft:chicken":3,"alexsmobs:leafcutter_ant":133,"pillagershunts:assasin_pillager":15,"alexsmobs:capuchin_monkey":2,"minecraft:silverfish":1,"minecraft:illusioner":4,"savage_and_ravage:creepie":9,"structuresadventures:toki_zombie_3":2,"minecraft:pig":9,"minecraft:zombie_villager":3,"structuresadventures:toki_zombie":4,"savage_and_ravage:executioner":11,"structuresadventures:toki_zombie_2":1,"structuresadventures:magnen_chicken":1,"minecraft:creeper":79,"minecraft:sheep":4,"minecraft:pillager":150,"minecraft:zombie":78,"alexsmobs:terrapin":1,"alexsmobs:toucan":3,"alexsmobs:roadrunner":2,"alexsmobs:fly":1,"iceandfire:lightning_dragon":2,"pillagershunts:pillager_hunter":9,"pillagershunts:archer_pillager":4,"minecraft:cow":4,"minecraft:vex":1,"minecraft:evoker":2,"savage_and_ravage:skeleton_villager":2,"structuresadventures:chicken_tnt":1,"alexsmobs:tarantula_hawk":1,"alexsmobs:tiger":1,"alexsmobs:raccoon":3,"minecraft:vindicator":46,"minecraft:slime":15,"alexsmobs:rattlesnake":3,"minecraft:phantom":14,"alexsmobs:gorilla":16,"iceandfire:fire_dragon":1,"minecraft:drowned":2,"iceandfire:deathworm":2,"alexsmobs:frilled_shark":1,"alexsmobs:flying_fish":11,"alexsmobs:guster":2,"minecraft:husk":3,"savage_and_ravage:trickster":4,"pillagershunts:the_old_one":1,"iceandfire:amphithere":2,"minecraft:bat":2,"minecraft:ravager":12,"minecraft:squid":1,"alexsmobs:crocodile":1,"alexsmobs:cockroach":3,"iceandfire:ghost":2,"structuresadventures:chicken_warrior":46,"campsite_structures:camper":8,"minecraft:villager":6},"minecraft:custom":{"minecraft:interact_with_crafting_table":58,"minecraft:open_barrel":95,"minecraft:bell_ring":20,"minecraft:leave_game":20,"minecraft:time_since_death":194136,"minecraft:sprint_one_cm":1719093,"minecraft:damage_blocked_by_shield":2650,"minecraft:drop":132,"minecraft:talked_to_villager":23,"minecraft:play_time":1106282,"minecraft:deaths":15,"minecraft:jump":5352,"minecraft:interact_with_brewingstand":1,"minecraft:walk_on_water_one_cm":86324,"minecraft:interact_with_furnace":25,"minecraft:traded_with_villager":10,"minecraft:interact_with_cartography_table":2,"minecraft:sleep_in_bed":20,"minecraft:damage_dealt":1449,"minecraft:player_kills":3,"minecraft:crouch_one_cm":3181,"minecraft:interact_with_smoker":15,"minecraft:inspect_dispenser":2,"minecraft:interact_with_anvil":33,"minecraft:mob_kills":911,"minecraft:interact_with_campfire":16,"minecraft:climb_one_cm":18330,"minecraft:walk_one_cm":3033303,"minecraft:raid_win":7,"minecraft:sneak_time":5963,"minecraft:walk_under_water_one_cm":143971,"minecraft:boat_one_cm":855345,"minecraft:interact_with_blast_furnace":10,"minecraft:total_world_time":1106282,"minecraft:raid_trigger":8,"minecraft:interact_with_grindstone":1,"minecraft:interact_with_stonecutter":5,"minecraft:time_since_rest":6007,"minecraft:damage_taken":4283,"minecraft:swim_one_cm":98745,"minecraft:fly_one_cm":2912307,"minecraft:open_chest":248,"minecraft:fall_one_cm":30297},"minecraft:mined":{"minecraft:white_bed":3,"minecraft:mossy_stone_brick_slab":1,"iceandfire:copper_pile":51,"minecraft:cobblestone_stairs":7,"minecraft:brewing_stand":1,"minecraft:granite":2,"minecraft:grass_block":20,"minecraft:hopper":3,"iceandfire:crackled_cobblestone":8,"minecraft:smooth_stone":13,"minecraft:iron_ore":51,"minecraft:barrel":4,"iceandfire:gold_pile":48,"minecraft:smoker":2,"minecraft:torch":32,"minecraft:blast_furnace":4,"minecraft:poppy":1,"minecraft:melon":16,"minecraft:cobblestone":12,"minecraft:oak_planks":2,"minecraft:sugar_cane":3,"minecraft:wall_torch":19,"iceandfire:crackled_stone":12,"minecraft:birch_log":46,"minecraft:stone_brick_stairs":19,"minecraft:grass":27,"minecraft:oak_log":69,"minecraft:dirt":31,"minecraft:stonecutter":2,"minecraft:oak_leaves":66,"minecraft:diamond_ore":1,"minecraft:mossy_cobblestone":4,"minecraft:polished_andesite_slab":2,"another_furniture:birch_shelf":21,"minecraft:large_fern":4,"minecraft:redstone_ore":1,"iceandfire:copper_ore":1,"minecraft:andesite":1,"minecraft:lantern":4,"minecraft:stone":644,"minecraft:podzol":4,"minecraft:oak_slab":6,"minecraft:brown_carpet":9,"minecraft:stone_brick_slab":57,"minecraft:crafting_table":3,"minecraft:copper_ore":20,"minecraft:tall_grass":2,"iceandfire:amythest_ore":2,"minecraft:lapis_ore":8,"minecraft:coarse_dirt":1,"minecraft:cobblestone_wall":1,"minecraft:coal_ore":137,"minecraft:mycelium":1,"minecraft:gravel":10,"minecraft:cobweb":33,"minecraft:stone_bricks":4,"minecraft:gold_ore":1,"minecraft:fern":3},"minecraft:dropped":{"minecraft:iron_sword":1,"minecraft:oak_log":10,"minecraft:birch_slab":6,"minecraft:emerald":1,"minecraft:dirt":51,"minecraft:grass":5,"firstaid:bandage":58,"alexsmobs:flying_fish":5,"minecraft:sugar":2,"minecraft:bone":4,"minecraft:gold_ingot":1,"minecraft:armor_stand":3,"minecraft:gravel":1,"minecraft:stone_axe":2,"cgm:pistol":4,"alexsmobs:spawn_egg_komodo_dragon":1,"endrem:rogue_eye":1,"minecraft:rotten_flesh":13,"minecraft:oak_planks":18,"minecraft:mossy_stone_brick_slab":1,"minecraft:infested_stone_bricks":64,"structuresadventures:basekleg":1,"iceandfire:crackled_cobblestone":8,"minecraft:arrow":5,"alexsmobs:spawn_egg_anteater":1,"iceandfire:manuscript":10,"minecraft:egg":2,"minecraft:iron_ingot":1,"minecraft:bread":36,"endrem:witch_pupil":1,"minecraft:diamond_leggings":2,"savage_and_ravage:cleaver_of_beheading":1,"minecraft:feather":1,"minecraft:cobblestone":289,"alexsmobs:rattlesnake_rattle":1,"minecraft:granite":1,"minecraft:coal":12,"minecraft:stick":102,"minecraft:torch":31,"additionalguns:m1911":1,"toughasnails:leaf_helmet":1,"toughasnails:leaf_leggings":3,"minecraft:smooth_stone":9,"nzgexpansion:bolt_action_rifle":1,"minecraft:string":1,"minecraft:stone_brick_slab":58,"iceandfire:dragonbone":10,"cgm:advanced_bullet":135,"additionalguns:usas12":2,"nzgexpansion:medium_bullet":144,"toughasnails:empty_canteen":1,"toughasnails:leaf_chestplate":1,"minecraft:coarse_dirt":1,"minecraft:cobblestone_wall":1,"minecraft:raw_copper":5,"minecraft:cocoa_beans":6,"minecraft:chicken":4,"additionalguns:over_under":1,"alexsmobs:ancient_dart":1,"minecraft:shroomlight":64,"additionalguns:mammoth":3,"minecraft:golden_leggings":1,"minecraft:wooden_shovel":1,"additionalguns:bullet_long":1,"minecraft:stone_bricks":448,"minecraft:barrel":9,"minecraft:bamboo":5,"minecraft:stone_pickaxe":1,"iceandfire:crackled_stone":11,"additionalguns:awm":1,"nzgexpansion:automatic_sniper_rifle":1,"nzgexpansion:machine_gun":1},"minecraft:killed_by":{"minecraft:pillager":3,"minecraft:drowned":1,"iceandfire:sea_serpent":1,"pillagershunts:archer_pillager":1,"structuresadventures:chicken_warrior":2,"minecraft:zombie":1,"minecraft:vex":1,"alexsmobs:skelewag":1,"iceandfire:deathworm":1,"pillagershunts:assasin_pillager":1,"minecraft:skeleton":1},"minecraft:crafted":{"minecraft:smooth_stone":3,"minecraft:oak_planks":156,"minecraft:barrel":27,"minecraft:birch_slab":60,"minecraft:stone":6,"minecraft:cooked_mutton":2,"minecraft:chest":2,"toughasnails:leaf_helmet":1,"toughasnails:leaf_boots":1,"minecraft:wooden_shovel":1,"sophisticatedbackpacks:backpack":1,"minecraft:crafting_table":2,"minecraft:wooden_pickaxe":1,"minecraft:copper_ingot":64,"minecraft:gold_block":2,"minecraft:oak_wood":3,"minecraft:birch_planks":176,"minecraft:charcoal":7,"minecraft:stick":152,"minecraft:iron_ingot":50,"minecraft:gold_ingot":49,"minecraft:shears":1,"minecraft:wooden_sword":1,"minecraft:iron_nugget":342,"minecraft:furnace":1,"minecraft:iron_axe":10,"minecraft:stone_pickaxe":10,"minecraft:cobblestone_wall":1,"minecraft:cooked_beef":2,"iceandfire:copper_ingot":45,"toughasnails:leaf_chestplate":1,"minecraft:stone_axe":2,"minecraft:air":0,"minecraft:oak_boat":1,"minecraft:white_wool":13,"minecraft:gold_nugget":18,"minecraft:stonecutter":1,"firstaid:bandage":16,"minecraft:armor_stand":3,"minecraft:torch":112}},"DataVersion":2975}