{"stats":{"minecraft:broken":{"minecraft:stone_sword":1,"minecraft:wooden_pickaxe":1,"minecraft:stone_pickaxe":1,"minecraft:stone_axe":1,"minecraft:wooden_axe":1,"minecraft:stone_shovel":22},"minecraft:picked_up":{"minecraft:cocoa_beans":12,"minecraft:coarse_dirt":9,"minecraft:crafting_table":6,"minecraft:wheat":74,"minecraft:black_carpet":4,"minecraft:chicken":8,"minecraft:flower_pot":1,"iceandfire:copper_ore":5,"iceandfire:fire_lily":4,"minecraft:lead":3,"minecraft:acacia_pressure_plate":2,"minecraft:potion":3,"minecraft:stone_brick_stairs":1,"minecraft:brewing_stand":1,"additionalguns:python":1,"minecraft:shield":4,"minecraft:cornflower":1,"minecraft:string":21,"minecraft:raw_copper":154,"minecraft:sticky_piston":1,"minecraft:cracked_stone_bricks":8,"minecraft:gold_nugget":9,"alexsmobs:banana":1,"minecraft:beef":2,"minecraft:rose_bush":2,"minecraft:jungle_sapling":14,"minecraft:iron_nugget":5,"minecraft:poppy":4,"minecraft:iron_pickaxe":1,"minecraft:lectern":1,"minecraft:melon_slice":43,"minecraft:sugar_cane":40,"minecraft:birch_sapling":2,"minecraft:phantom_membrane":4,"minecraft:raw_copper_block":12,"minecraft:egg":3,"minecraft:tipped_arrow":3,"minecraft:golden_helmet":1,"minecraft:stick":28,"minecraft:torch":18,"minecraft:acacia_log":1,"minecraft:porkchop":2,"astikorcarts:animal_cart":1,"minecraft:pointed_dripstone":1,"minecraft:carrot":165,"additionalguns:casing_short":96,"minecraft:quartz_block":11,"minecraft:stone_sword":2,"minecraft:arrow":22,"minecraft:stone_shovel":1,"minecraft:rotten_flesh":21,"minecraft:nether_bricks":1,"minecraft:saddle":2,"firstaid:bandage":4,"minecraft:leather_horse_armor":1,"minecraft:mutton":13,"minecraft:iron_bars":17,"alexsmobs:flying_fish":2,"minecraft:white_wool":9,"minecraft:cobblestone":250,"minecraft:oxeye_daisy":4,"minecraft:birch_log":63,"minecraft:enchanting_table":1,"minecraft:leather_chestplate":5,"minecraft:feather":9,"minecraft:jungle_log":126,"minecraft:golden_leggings":1,"minecraft:brown_wool":1,"minecraft:leather":1,"minecraft:red_mushroom":2,"minecraft:potato":611,"savage_and_ravage:creeper_spores":3,"minecraft:light_gray_dye":4,"minecraft:oak_log":74,"minecraft:cobblestone_stairs":1,"minecraft:dirt":2917,"minecraft:bone":27,"minecraft:acacia_planks":1,"minecraft:apple":4,"minecraft:stone_bricks":8,"minecraft:wheat_seeds":313,"minecraft:iron_ingot":1,"minecraft:stone_pickaxe":1,"minecraft:mossy_stone_bricks":4,"minecraft:bamboo":11,"minecraft:emerald_block":1,"minecraft:dandelion":3,"minecraft:gravel":1,"minecraft:poisonous_potato":3,"minecraft:white_bed":1,"minecraft:dark_oak_log":17,"minecraft:spider_eye":4,"minecraft:mossy_cobblestone":3,"alexsmobs:raw_catfish":2,"minecraft:stone_axe":1,"minecraft:iron_helmet":3,"additionalguns:bullet_short":96,"minecraft:chainmail_leggings":1,"minecraft:leather_leggings":1,"minecraft:chainmail_helmet":1,"minecraft:oak_sapling":17,"minecraft:black_wool":16,"minecraft:coal":41,"minecraft:crimson_roots":1,"sophisticatedbackpacks:gold_backpack":1},"minecraft:killed_by":{"minecraft:player":2,"minecraft:wither_skeleton":1,"minecraft:stray":1,"campsite_structures:camper":1,"pillagershunts:archer_pillager":1,"minecraft:skeleton":4,"minecraft:zombie":1},"minecraft:custom":{"minecraft:mob_kills":68,"minecraft:interact_with_crafting_table":43,"minecraft:open_barrel":12,"minecraft:leave_game":5,"minecraft:damage_resisted":35,"minecraft:time_since_death":3552,"minecraft:climb_one_cm":13663,"minecraft:sprint_one_cm":793487,"minecraft:walk_one_cm":1374662,"minecraft:damage_blocked_by_shield":2508,"minecraft:drop":95,"minecraft:play_time":382457,"minecraft:sneak_time":1340,"minecraft:deaths":11,"minecraft:walk_under_water_one_cm":11593,"minecraft:boat_one_cm":1639,"minecraft:interact_with_lectern":3,"minecraft:jump":3903,"minecraft:interact_with_brewingstand":1,"astikorcarts:cart_one_cm":154159,"minecraft:interact_with_blast_furnace":20,"minecraft:walk_on_water_one_cm":22680,"minecraft:total_world_time":382457,"minecraft:interact_with_furnace":3,"minecraft:sleep_in_bed":15,"minecraft:time_since_rest":3634,"minecraft:damage_taken":2668,"minecraft:damage_dealt":5754,"minecraft:swim_one_cm":72338,"minecraft:fly_one_cm":542900,"minecraft:player_kills":1,"minecraft:open_chest":206,"minecraft:crouch_one_cm":1662,"minecraft:fall_one_cm":52284,"minecraft:horse_one_cm":9898},"minecraft:mined":{"minecraft:red_carpet":2,"minecraft:white_bed":1,"minecraft:stone_pressure_plate":1,"minecraft:mossy_cobblestone":4,"minecraft:dark_oak_leaves":4,"minecraft:potted_crimson_roots":1,"minecraft:jungle_leaves":11,"minecraft:dark_oak_log":25,"minecraft:brewing_stand":1,"minecraft:nether_bricks":1,"minecraft:grass_block":2361,"minecraft:jungle_log":79,"minecraft:oxeye_daisy":4,"minecraft:acacia_pressure_plate":2,"minecraft:spawner":19,"minecraft:tall_seagrass":5,"minecraft:carrots":47,"iceandfire:copper_ore":5,"minecraft:sticky_piston":1,"minecraft:black_carpet":3,"minecraft:enchanting_table":1,"minecraft:potatoes":178,"minecraft:pointed_dripstone":1,"minecraft:vine":21,"minecraft:iron_bars":12,"minecraft:bamboo":1,"minecraft:stone":246,"minecraft:quartz_block":25,"minecraft:red_wool":8,"minecraft:dandelion":1,"minecraft:cornflower":1,"minecraft:crafting_table":6,"minecraft:torch":6,"minecraft:melon":8,"minecraft:rose_bush":2,"minecraft:lectern":1,"minecraft:copper_ore":33,"minecraft:tall_grass":16,"minecraft:cobblestone":10,"minecraft:sugar_cane":20,"minecraft:wall_torch":6,"minecraft:seagrass":7,"minecraft:birch_log":63,"minecraft:wheat":77,"minecraft:birch_leaves":3,"minecraft:stone_brick_stairs":2,"minecraft:black_wool":10,"minecraft:grass":341,"minecraft:coal_ore":37,"minecraft:oak_log":45,"minecraft:cocoa":1,"minecraft:dirt":442,"minecraft:cobweb":11,"minecraft:cracked_stone_bricks":9,"minecraft:stone_bricks":19,"minecraft:mossy_stone_bricks":6,"minecraft:oak_leaves":31,"minecraft:emerald_block":1,"minecraft:fern":93},"minecraft:dropped":{"minecraft:enchanted_book":4,"minecraft:golden_boots":1,"minecraft:iron_ingot":19,"minecraft:black_dye":6,"minecraft:oak_log":56,"minecraft:glass_bottle":1,"minecraft:cobblestone":10,"minecraft:cracked_stone_bricks":1,"sophisticatedbackpacks:gold_backpack":1,"minecraft:music_disc_13":1,"minecraft:diamond_horse_armor":1,"minecraft:brewing_stand":1,"minecraft:crimson_roots":1,"minecraft:melon_slice":9,"minecraft:gold_nugget":70,"minecraft:phantom_membrane":7,"minecraft:iron_shovel":1,"minecraft:chainmail_leggings":1,"minecraft:string":47,"minecraft:white_wool":5,"minecraft:music_disc_cat":2,"minecraft:stone_axe":1,"minecraft:iron_nugget":6,"minecraft:stone_sword":2,"minecraft:raw_copper":16,"minecraft:stone_shovel":1,"minecraft:rotten_flesh":7,"iceandfire:fire_lily":2,"minecraft:nether_bricks":1,"minecraft:carrot":3,"minecraft:chainmail_chestplate":1,"minecraft:potato":13,"minecraft:flower_pot":1,"minecraft:quartz_block":1,"minecraft:jungle_log":96,"minecraft:golden_leggings":1,"minecraft:chest":1,"minecraft:spider_eye":2,"minecraft:light_gray_dye":8,"minecraft:iron_bars":4,"minecraft:stone_pickaxe":2,"minecraft:enchanting_table":1,"minecraft:black_wool":15},"minecraft:killed":{"minecraft:cave_spider":1,"alexsmobs:raccoon":1,"minecraft:spider":2,"minecraft:skeleton":9,"minecraft:chicken":9,"minecraft:silverfish":3,"alexsmobs:flying_fish":2,"minecraft:pig":1,"minecraft:sheep":11,"alexsmobs:catfish":1,"minecraft:pillager":1,"minecraft:zombie":21,"minecraft:stray":2,"minecraft:wither_skeleton":2,"pillagershunts:archer_pillager":1,"campsite_structures:camper":1,"minecraft:cow":1},"minecraft:used":{"minecraft:stone_sword":139,"minecraft:iron_bars":1,"minecraft:stone_shovel":3114,"minecraft:chest":2,"minecraft:shield":105,"minecraft:iron_sword":14,"astikorcarts:animal_cart":1,"minecraft:torch":213,"minecraft:dirt":121,"minecraft:carrot":79,"minecraft:wooden_axe":106,"cgm:shotgun":1,"minecraft:quartz_block":7,"minecraft:jungle_log":4,"minecraft:stone_brick_stairs":1,"minecraft:stone_bricks":7,"minecraft:golden_carrot":1,"minecraft:beef":2,"minecraft:furnace":1,"minecraft:cooked_beef":5,"minecraft:potato":204,"minecraft:acacia_planks":4,"minecraft:wheat_seeds":87,"minecraft:cooked_mutton":2,"minecraft:mossy_stone_bricks":1,"minecraft:water_bucket":3,"minecraft:stone_pickaxe":320,"minecraft:baked_potato":2,"minecraft:wooden_pickaxe":93,"minecraft:birch_boat":2,"minecraft:sugar_cane":31,"minecraft:cracked_stone_bricks":32,"minecraft:mossy_cobblestone":1,"minecraft:golden_apple":7,"minecraft:crafting_table":9,"minecraft:white_bed":2,"minecraft:diamond_pickaxe":56,"minecraft:bread":2,"minecraft:melon_slice":15,"minecraft:iron_pickaxe":2,"minecraft:stone_axe":284,"minecraft:cobblestone":14,"minecraft:potion":6,"minecraft:porkchop":1,"minecraft:bucket":3,"minecraft:birch_log":4,"additionalguns:python":52,"minecraft:cobweb":11,"minecraft:bone_meal":27},"minecraft:crafted":{"minecraft:golden_carrot":1,"minecraft:black_dye":1,"minecraft:oak_planks":72,"minecraft:stone_shovel":21,"minecraft:iron_nugget":54,"minecraft:birch_boat":2,"minecraft:furnace":2,"minecraft:bone_meal":27,"minecraft:raw_copper":108,"minecraft:stone_pickaxe":8,"minecraft:chest":4,"minecraft:dark_oak_planks":88,"iceandfire:copper_ingot":5,"minecraft:emerald":9,"minecraft:crafting_table":3,"minecraft:wooden_pickaxe":2,"minecraft:copper_ingot":209,"minecraft:birch_planks":192,"minecraft:stone_axe":4,"minecraft:air":0,"minecraft:jungle_planks":60,"minecraft:gold_nugget":27,"minecraft:stick":216,"minecraft:iron_ingot":2,"minecraft:wooden_axe":4,"minecraft:stone_sword":1,"firstaid:bandage":4,"minecraft:light_gray_dye":4,"minecraft:white_bed":1,"minecraft:acacia_planks":4,"minecraft:torch":180}},"DataVersion":2975}