{"stats":{"minecraft:dropped":{"minecraft:iron_sword":1,"minecraft:oak_log":10,"minecraft:birch_slab":6,"minecraft:dirt":47,"minecraft:grass":5,"firstaid:bandage":48,"alexsmobs:flying_fish":5,"minecraft:sugar":2,"minecraft:bone":4,"minecraft:gold_ingot":1,"minecraft:armor_stand":3,"minecraft:gravel":1,"minecraft:stone_axe":2,"cgm:pistol":4,"alexsmobs:spawn_egg_komodo_dragon":1,"endrem:rogue_eye":1,"minecraft:rotten_flesh":13,"minecraft:oak_planks":18,"minecraft:infested_stone_bricks":64,"structuresadventures:basekleg":1,"iceandfire:crackled_cobblestone":8,"minecraft:arrow":2,"alexsmobs:spawn_egg_anteater":1,"iceandfire:manuscript":10,"minecraft:iron_ingot":1,"minecraft:bread":36,"endrem:witch_pupil":1,"minecraft:diamond_leggings":2,"savage_and_ravage:cleaver_of_beheading":1,"minecraft:feather":1,"minecraft:cobblestone":37,"minecraft:granite":1,"minecraft:coal":12,"minecraft:stick":102,"minecraft:torch":31,"additionalguns:m1911":1,"toughasnails:leaf_helmet":1,"toughasnails:leaf_leggings":3,"nzgexpansion:bolt_action_rifle":1,"minecraft:string":1,"minecraft:stone_brick_slab":57,"iceandfire:dragonbone":10,"cgm:advanced_bullet":135,"additionalguns:usas12":2,"nzgexpansion:medium_bullet":144,"toughasnails:empty_canteen":1,"toughasnails:leaf_chestplate":1,"minecraft:coarse_dirt":1,"minecraft:cocoa_beans":6,"minecraft:raw_copper":5,"minecraft:chicken":4,"additionalguns:over_under":1,"alexsmobs:ancient_dart":1,"minecraft:shroomlight":64,"additionalguns:mammoth":3,"minecraft:golden_leggings":1,"minecraft:wooden_shovel":1,"minecraft:stone_bricks":448,"minecraft:barrel":9,"minecraft:bamboo":5,"minecraft:stone_pickaxe":1,"iceandfire:crackled_stone":11,"additionalguns:awm":1,"nzgexpansion:automatic_sniper_rifle":1,"nzgexpansion:machine_gun":1},"minecraft:killed_by":{"minecraft:drowned":1,"iceandfire:sea_serpent":1,"pillagershunts:archer_pillager":1,"structuresadventures:chicken_warrior":2,"minecraft:zombie":1,"alexsmobs:skelewag":1,"pillagershunts:assasin_pillager":1,"minecraft:skeleton":1},"minecraft:picked_up":{"toughasnails:leaf_leggings":5,"iceandfire:copper_ore":1,"iceandfire:myrmex_jungle_chitin":2,"minecraft:stone_brick_stairs":16,"minecraft:brewing_stand":1,"minecraft:string":50,"minecraft:raw_copper":84,"minecraft:diamond_leggings":4,"minecraft:gold_nugget":177,"minecraft:iron_pickaxe":1,"minecraft:melon_slice":70,"cgm:advanced_bullet":96,"iceandfire:pixie_dust":1,"minecraft:stick":175,"minecraft:torch":52,"minecraft:porkchop":5,"structuresadventures:rotten_flesh_moosy_cobblestone":27,"minecraft:rotten_flesh":59,"nzgexpansion:medium_bullet":10,"minecraft:cod":2,"alexsmobs:flying_fish":14,"minecraft:cobblestone":539,"minecraft:birch_log":39,"minecraft:leather_chestplate":1,"minecraft:feather":10,"minecraft:andesite":9,"minecraft:jungle_log":1,"minecraft:golden_leggings":2,"iceandfire:armor_red_chestplate":1,"minecraft:smoker":2,"toughasnails:leaf_helmet":1,"minecraft:map":1,"minecraft:lapis_lazuli":45,"minecraft:dirt":271,"minecraft:lantern":4,"minecraft:leather_boots":2,"minecraft:bone":51,"minecraft:stonecutter":2,"minecraft:wheat_seeds":20,"minecraft:raw_gold":1,"minecraft:glowstone_dust":5,"minecraft:bamboo":72,"savage_and_ravage:griefer_chestplate":1,"minecraft:oak_planks":8,"iceandfire:amphithere_feather":7,"toughasnails:purified_water_canteen":1,"iceandfire:armor_black_boots":1,"minecraft:cooked_porkchop":1,"another_furniture:birch_shelf":1,"iceandfire:dragon_skull_fire":1,"alexsmobs:spawn_egg_komodo_dragon":1,"minecraft:ink_sac":1,"iceandfire:lightning_dragon_heart":1,"minecraft:barrel":13,"cgm:pistol":4,"structuresadventures:rotten_flesh_stone":6,"minecraft:sugar":6,"minecraft:diamond":5,"iceandfire:crackled_stone":35,"minecraft:lever":1,"minecraft:crossbow":1,"minecraft:granite":21,"minecraft:grass":10,"minecraft:golden_apple":1,"minecraft:emerald":118,"minecraft:chainmail_helmet":1,"minecraft:bread":36,"minecraft:oak_sapling":14,"minecraft:oak_leaves":25,"minecraft:coarse_dirt":1,"minecraft:fishing_rod":1,"iceandfire:dragon_skull_lightning":2,"minecraft:cocoa_beans":12,"minecraft:crafting_table":2,"minecraft:chicken":33,"minecraft:ladder":1,"pillagershunts:assasin_sword":1,"additionalguns:over_under":1,"minecraft:wooden_pickaxe":1,"minecraft:shield":3,"structuresadventures:rotten_flesh_iron_bars_door":2,"nzgexpansion:machine_gun":1,"minecraft:iron_axe":1,"nzgexpansion:automatic_sniper_rifle":1,"iceandfire:amythest_gem":2,"iceandfire:bestiary":1,"additionalguns:usas12":2,"minecraft:beef":8,"minecraft:oak_boat":1,"minecraft:iron_nugget":13,"minecraft:sugar_cane":9,"minecraft:birch_sapling":1,"minecraft:phantom_membrane":1,"minecraft:raw_iron":50,"iceandfire:dragonbone":14,"structuresadventures:rotten_flesh_bricks":5,"alexsmobs:leafcutter_anthill":2,"minecraft:carrot":1,"minecraft:redstone":7,"another_furniture:jungle_shelf":1,"structuresadventures:rotten_flesh_cobblestone":39,"iceandfire:dragonegg_electric":1,"minecraft:arrow":92,"minecraft:diamond_boots":3,"minecraft:saddle":4,"minecraft:totem_of_undying":3,"structuresadventures:rotten_flesh_iron_bars":1,"structuresadventures:rotten_flesh_cobblestone_stairs":1,"iceandfire:sea_serpent_fang":5,"minecraft:golden_carrot":7,"minecraft:leather":3,"additionalguns:bullet_long":31,"structuresadventures:basekleg":2,"savage_and_ravage:creeper_spores":20,"minecraft:oak_log":67,"minecraft:chainmail_chestplate":1,"iceandfire:ectoplasm":1,"minecraft:golden_boots":2,"minecraft:gunpowder":44,"minecraft:cobblestone_stairs":7,"additionalguns:casing_long":208,"minecraft:white_banner":12,"minecraft:red_carpet":3,"minecraft:kelp":4,"alexsmobs:cockroach_wing_fragment":1,"minecraft:iron_ingot":22,"minecraft:cooked_chicken":16,"minecraft:glass_bottle":2,"minecraft:polished_andesite_slab":2,"minecraft:iron_sword":3,"iceandfire:fire_dragon_flesh":1,"iceandfire:crackled_cobblestone":18,"minecraft:book":2,"minecraft:oak_slab":4,"iceandfire:copper_nugget":458,"endrem:witch_pupil":3,"minecraft:stone_brick_slab":56,"nzgexpansion:hunting_rifle":1,"minecraft:dandelion":1,"minecraft:gravel":107,"minecraft:blast_furnace":2,"minecraft:white_bed":3,"additionalguns:mammoth":1,"minecraft:spider_eye":10,"minecraft:slime_ball":6,"minecraft:stone_axe":1,"savage_and_ravage:cleaver_of_beheading":3,"minecraft:melon_seeds":2,"minecraft:coal":193,"minecraft:hopper":3},"minecraft:crafted":{"minecraft:oak_planks":152,"minecraft:smooth_stone":3,"minecraft:barrel":27,"minecraft:birch_slab":60,"minecraft:stone":6,"minecraft:cooked_mutton":2,"minecraft:chest":2,"toughasnails:leaf_helmet":1,"toughasnails:leaf_boots":1,"minecraft:wooden_shovel":1,"minecraft:crafting_table":2,"minecraft:wooden_pickaxe":1,"minecraft:copper_ingot":64,"minecraft:gold_block":2,"minecraft:oak_wood":3,"minecraft:birch_planks":156,"minecraft:charcoal":7,"minecraft:stick":152,"minecraft:iron_ingot":50,"minecraft:gold_ingot":21,"minecraft:shears":1,"minecraft:iron_nugget":342,"minecraft:furnace":1,"minecraft:stone_pickaxe":10,"minecraft:cobblestone_wall":1,"minecraft:cooked_beef":2,"iceandfire:copper_ingot":45,"toughasnails:leaf_chestplate":1,"minecraft:stone_axe":2,"minecraft:air":0,"minecraft:oak_boat":1,"minecraft:white_wool":13,"minecraft:gold_nugget":18,"minecraft:stonecutter":1,"firstaid:bandage":16,"minecraft:armor_stand":3,"minecraft:torch":112},"minecraft:killed":{"guardvillagers:guard":1,"alexsmobs:hummingbird":1,"minecraft:witch":13,"minecraft:spider":42,"minecraft:cod":3,"minecraft:skeleton":72,"savage_and_ravage:griefer":20,"minecraft:chicken":3,"alexsmobs:leafcutter_ant":133,"pillagershunts:assasin_pillager":15,"alexsmobs:capuchin_monkey":2,"minecraft:silverfish":1,"minecraft:illusioner":2,"savage_and_ravage:creepie":8,"structuresadventures:toki_zombie_3":2,"minecraft:pig":6,"minecraft:zombie_villager":3,"structuresadventures:toki_zombie":4,"savage_and_ravage:executioner":9,"structuresadventures:toki_zombie_2":1,"minecraft:creeper":75,"minecraft:pillager":129,"minecraft:zombie":76,"alexsmobs:toucan":3,"alexsmobs:fly":1,"iceandfire:lightning_dragon":2,"pillagershunts:pillager_hunter":8,"pillagershunts:archer_pillager":4,"minecraft:evoker":2,"savage_and_ravage:skeleton_villager":2,"structuresadventures:chicken_tnt":1,"alexsmobs:tiger":1,"alexsmobs:raccoon":2,"minecraft:vindicator":35,"minecraft:slime":15,"minecraft:phantom":11,"alexsmobs:gorilla":16,"minecraft:drowned":1,"alexsmobs:frilled_shark":1,"alexsmobs:flying_fish":11,"savage_and_ravage:trickster":3,"pillagershunts:the_old_one":1,"iceandfire:amphithere":2,"minecraft:bat":2,"minecraft:ravager":9,"minecraft:squid":1,"alexsmobs:cockroach":3,"iceandfire:ghost":1,"structuresadventures:chicken_warrior":40,"campsite_structures:camper":5,"minecraft:villager":6},"minecraft:mined":{"minecraft:white_bed":3,"iceandfire:copper_pile":51,"minecraft:cobblestone_stairs":7,"minecraft:brewing_stand":1,"minecraft:granite":2,"minecraft:grass_block":17,"minecraft:hopper":3,"iceandfire:crackled_cobblestone":8,"minecraft:iron_ore":51,"minecraft:barrel":4,"iceandfire:gold_pile":19,"minecraft:smoker":2,"minecraft:torch":32,"minecraft:blast_furnace":2,"minecraft:poppy":1,"minecraft:melon":16,"minecraft:cobblestone":12,"minecraft:sugar_cane":3,"minecraft:oak_planks":2,"minecraft:wall_torch":19,"iceandfire:crackled_stone":12,"minecraft:birch_log":41,"minecraft:stone_brick_stairs":19,"minecraft:grass":23,"minecraft:oak_log":68,"minecraft:dirt":31,"minecraft:stonecutter":2,"minecraft:oak_leaves":66,"minecraft:diamond_ore":1,"minecraft:mossy_cobblestone":4,"minecraft:polished_andesite_slab":2,"another_furniture:birch_shelf":1,"minecraft:large_fern":4,"minecraft:redstone_ore":1,"iceandfire:copper_ore":1,"minecraft:andesite":1,"minecraft:lantern":4,"minecraft:stone":507,"minecraft:podzol":4,"minecraft:stone_brick_slab":56,"minecraft:crafting_table":2,"minecraft:tall_grass":2,"minecraft:copper_ore":20,"iceandfire:amythest_ore":2,"minecraft:lapis_ore":8,"minecraft:coarse_dirt":1,"minecraft:coal_ore":116,"minecraft:mycelium":1,"minecraft:gravel":10,"minecraft:cobweb":26,"minecraft:stone_bricks":2,"minecraft:gold_ore":1,"minecraft:fern":3},"minecraft:custom":{"minecraft:interact_with_crafting_table":54,"minecraft:open_barrel":93,"minecraft:bell_ring":20,"minecraft:leave_game":11,"minecraft:time_since_death":539986,"minecraft:sprint_one_cm":1378401,"minecraft:damage_blocked_by_shield":2650,"minecraft:drop":117,"minecraft:talked_to_villager":19,"minecraft:play_time":864591,"minecraft:deaths":10,"minecraft:jump":3856,"minecraft:interact_with_brewingstand":1,"minecraft:walk_on_water_one_cm":70092,"minecraft:interact_with_furnace":22,"minecraft:interact_with_cartography_table":2,"minecraft:sleep_in_bed":16,"minecraft:damage_dealt":260,"minecraft:player_kills":3,"minecraft:crouch_one_cm":2335,"minecraft:interact_with_smoker":8,"minecraft:inspect_dispenser":2,"minecraft:interact_with_anvil":32,"minecraft:mob_kills":808,"minecraft:interact_with_campfire":16,"minecraft:climb_one_cm":11586,"minecraft:walk_one_cm":2477285,"minecraft:raid_win":6,"minecraft:sneak_time":5474,"minecraft:walk_under_water_one_cm":127826,"minecraft:boat_one_cm":305823,"minecraft:interact_with_blast_furnace":10,"minecraft:total_world_time":864591,"minecraft:raid_trigger":8,"minecraft:interact_with_grindstone":1,"minecraft:interact_with_stonecutter":5,"minecraft:time_since_rest":21000,"minecraft:damage_taken":2731,"minecraft:swim_one_cm":66683,"minecraft:fly_one_cm":2634845,"minecraft:open_chest":157,"minecraft:fall_one_cm":17467},"minecraft:broken":{"toughasnails:leaf_boots":2,"minecraft:stone_pickaxe":5,"minecraft:stone_axe":1,"toughasnails:leaf_leggings":2,"toughasnails:water_canteen":2,"minecraft:wooden_pickaxe":2,"toughasnails:purified_water_canteen":4,"toughasnails:leaf_helmet":1},"minecraft:used":{"another_furniture:acacia_table":9,"additionalguns:usas12":3583,"alexsmobs:spawn_egg_anteater":19,"additionalguns:awm":15,"minecraft:chest":2,"minecraft:shield":33,"minecraft:iron_sword":33,"another_furniture:birch_shelf":29,"additionalguns:mammoth":168,"minecraft:jungle_planks":510,"minecraft:deepslate_brick_slab":8,"minecraft:polished_deepslate_stairs":6,"minecraft:lantern":16,"nzgexpansion:machine_gun":1166,"minecraft:dark_oak_slab":6,"another_furniture:spruce_planter_box":7,"minecraft:diorite_wall":92,"minecraft:stone_brick_stairs":155,"minecraft:stone_bricks":826,"nzgexpansion:automatic_sniper_rifle":30,"minecraft:red_carpet":83,"minecraft:furnace":1,"another_furniture:jungle_shelf":7,"cgm:heavy_rifle":1,"another_furniture:jungle_drawer":18,"additionalguns:magnum":14,"minecraft:stone_pickaxe":778,"minecraft:oak_planks":13,"minecraft:wooden_pickaxe":116,"toughasnails:water_canteen":39,"nzgexpansion:heavy_revolver":58,"another_furniture:gray_stool":2,"minecraft:blast_furnace":2,"minecraft:blackstone_wall":4,"minecraft:crossbow":2,"minecraft:sponge":15,"cgm:bazooka":52,"minecraft:stone_brick_wall":4,"minecraft:shears":42,"minecraft:deepslate_brick_stairs":62,"additionalguns:aks74u":6,"minecraft:melon_slice":1,"minecraft:bread":6,"savage_and_ravage:creeper_spores":1,"minecraft:iron_door":2,"additionalguns:scar":28,"iceandfire:dragon_skull_fire":1,"additionalguns:ace_of_spades":141,"additionalguns:mp7a2":51,"minecraft:chain":9,"minecraft:oak_boat":1,"cgm:mini_gun":63,"minecraft:enchanting_table":1,"minecraft:armor_stand":2,"another_furniture:dark_oak_chair":5,"structuresadventures:toki_mask_helmet":1,"structuresadventures:basekleg":1,"additionalguns:over_under":109,"minecraft:wooden_shovel":26,"savage_and_ravage:cleaver_of_beheading":1,"toughasnails:leaf_boots":1,"another_furniture:black_lamp":20,"another_furniture:jungle_shutter":4,"minecraft:orange_bed":2,"minecraft:torch":143,"minecraft:dirt":7,"minecraft:brewing_stand":1,"minecraft:anvil":8,"cgm:workbench":4,"minecraft:white_carpet":26,"toughasnails:empty_canteen":4,"minecraft:cobblestone_wall":1,"minecraft:oak_wood":3,"cgm:rifle":3,"additionalguns:glock18":11,"minecraft:shroomlight":66,"minecraft:stone_brick_slab":209,"minecraft:bookshelf":44,"another_furniture:dark_oak_shutter":16,"minecraft:polished_blackstone_brick_stairs":184,"additionalguns:g11":405,"minecraft:barrel":31,"minecraft:golden_carrot":3,"additionalguns:m1014":11,"additionalguns:ssg08":84,"minecraft:cooked_beef":2,"nzgexpansion:rapid_smg":17,"minecraft:cooked_mutton":2,"toughasnails:leaf_leggings":1,"minecraft:water_bucket":1,"minecraft:cobblestone_stairs":44,"campsite_structures:camper_spawn_egg":3,"cgm:pistol":4,"another_furniture:gray_curtain":6,"additionalguns:custom_mac":28,"additionalguns:mac10":26,"additionalguns:ots_03":14,"minecraft:stonecutter":3,"iceandfire:dragon_skull_lightning":2,"minecraft:deepslate_bricks":65,"minecraft:crafting_table":5,"minecraft:white_bed":3,"minecraft:smoker":2,"minecraft:deepslate_tile_wall":13,"additionalguns:m1911":52,"minecraft:iron_pickaxe":50,"toughasnails:leaf_chestplate":1,"nzgexpansion:hunting_rifle":30,"minecraft:stone_axe":147,"another_furniture:orange_curtain":5,"minecraft:blue_carpet":36,"minecraft:cobblestone":101,"minecraft:porkchop":1,"minecraft:white_banner":9,"toughasnails:purified_water_canteen":22,"minecraft:glass_pane":191,"minecraft:pillager_spawn_egg":178,"minecraft:splash_potion":11,"nzgexpansion:bolt_action_rifle":61}},"DataVersion":2975}