{"stats":{"minecraft:broken":{"minecraft:stone_pickaxe":1,"minecraft:stone_axe":1,"minecraft:wooden_axe":1,"minecraft:stone_shovel":22,"minecraft:stone_sword":1,"minecraft:wooden_pickaxe":1,"minecraft:shield":1,"minecraft:iron_helmet":1},"minecraft:picked_up":{"minecraft:black_carpet":4,"minecraft:wheat":74,"minecraft:redstone_block":1,"minecraft:chainmail_boots":1,"minecraft:flower_pot":1,"iceandfire:copper_ore":5,"minecraft:lead":3,"minecraft:diamond_sword":1,"minecraft:acacia_pressure_plate":2,"minecraft:potion":3,"minecraft:enchanted_book":1,"minecraft:stone_brick_stairs":1,"minecraft:brewing_stand":1,"additionalguns:python":1,"minecraft:string":21,"minecraft:raw_copper":154,"minecraft:red_nether_bricks":1,"minecraft:sticky_piston":1,"minecraft:diamond_leggings":1,"minecraft:gold_nugget":9,"alexsmobs:banana":1,"minecraft:rose_bush":2,"minecraft:iron_pickaxe":1,"minecraft:melon_slice":43,"minecraft:coal_block":2,"minecraft:iron_boots":1,"minecraft:golden_helmet":2,"minecraft:tipped_arrow":5,"minecraft:stick":28,"minecraft:torch":18,"minecraft:acacia_log":1,"minecraft:porkchop":2,"astikorcarts:animal_cart":1,"minecraft:pointed_dripstone":1,"minecraft:diorite":1,"minecraft:quartz_block":11,"minecraft:stone_sword":2,"minecraft:rotten_flesh":21,"minecraft:leather_horse_armor":1,"minecraft:obsidian":9,"minecraft:iron_bars":19,"alexsmobs:flying_fish":2,"minecraft:cobblestone":251,"minecraft:birch_log":63,"minecraft:enchanting_table":1,"minecraft:leather_chestplate":5,"minecraft:feather":9,"minecraft:jungle_log":126,"minecraft:brown_wool":1,"minecraft:golden_leggings":1,"minecraft:potato":611,"minecraft:light_gray_dye":4,"minecraft:lapis_lazuli":3,"minecraft:dirt":2917,"minecraft:leather_boots":4,"minecraft:bone":71,"minecraft:acacia_planks":1,"minecraft:bow":2,"minecraft:wheat_seeds":313,"minecraft:mossy_stone_bricks":4,"minecraft:bamboo":11,"minecraft:poisonous_potato":3,"minecraft:nether_brick_stairs":13,"minecraft:dark_oak_log":17,"minecraft:mossy_cobblestone":3,"additionalguns:bullet_short":96,"minecraft:chainmail_helmet":2,"minecraft:oak_sapling":17,"minecraft:netherrack":1,"minecraft:crimson_roots":1,"sophisticatedbackpacks:gold_backpack":1,"minecraft:cocoa_beans":12,"minecraft:crafting_table":6,"minecraft:coarse_dirt":9,"iceandfire:witherbone":5,"minecraft:chicken":8,"minecraft:leather_leggings":1,"iceandfire:fire_lily":4,"minecraft:shield":6,"minecraft:cornflower":1,"minecraft:cracked_stone_bricks":12,"minecraft:beef":2,"minecraft:jungle_sapling":14,"minecraft:iron_nugget":5,"minecraft:poppy":4,"minecraft:lectern":1,"minecraft:sugar_cane":40,"minecraft:birch_sapling":2,"minecraft:phantom_membrane":4,"minecraft:raw_copper_block":12,"minecraft:egg":3,"minecraft:raw_iron":3,"minecraft:carrot":165,"additionalguns:casing_short":96,"minecraft:arrow":35,"minecraft:stone_shovel":1,"minecraft:nether_bricks":12,"minecraft:saddle":2,"minecraft:gold_ingot":64,"firstaid:bandage":4,"minecraft:mutton":13,"minecraft:white_wool":9,"minecraft:oxeye_daisy":4,"minecraft:leather":1,"minecraft:red_mushroom":2,"savage_and_ravage:creeper_spores":3,"minecraft:oak_log":74,"minecraft:cobblestone_stairs":1,"minecraft:apple":4,"minecraft:stone_bricks":8,"minecraft:iron_ingot":1,"minecraft:stone_pickaxe":1,"minecraft:soul_sand":1,"minecraft:emerald_block":1,"minecraft:dandelion":3,"minecraft:gravel":1,"minecraft:white_bed":1,"minecraft:spider_eye":4,"alexsmobs:raw_catfish":2,"minecraft:stone_axe":1,"minecraft:chainmail_leggings":1,"minecraft:iron_helmet":4,"minecraft:black_wool":16,"minecraft:coal":49},"minecraft:killed_by":{"minecraft:wither_skeleton":3,"campsite_structures:camper":1,"pillagershunts:archer_pillager":1,"minecraft:zombie":1,"minecraft:player":2,"minecraft:stray":5,"minecraft:skeleton":5},"minecraft:custom":{"minecraft:interact_with_crafting_table":46,"minecraft:open_barrel":13,"minecraft:leave_game":6,"minecraft:time_since_death":43108,"minecraft:damage_resisted":35,"minecraft:sprint_one_cm":825884,"minecraft:damage_blocked_by_shield":5083,"minecraft:drop":105,"minecraft:play_time":443766,"minecraft:deaths":18,"minecraft:jump":4189,"minecraft:interact_with_brewingstand":1,"minecraft:walk_on_water_one_cm":42968,"minecraft:interact_with_furnace":7,"minecraft:sleep_in_bed":17,"minecraft:damage_dealt":7781,"minecraft:player_kills":1,"minecraft:crouch_one_cm":1717,"minecraft:horse_one_cm":214542,"minecraft:interact_with_anvil":6,"minecraft:mob_kills":98,"minecraft:climb_one_cm":19971,"minecraft:walk_one_cm":1513305,"minecraft:sneak_time":1656,"minecraft:walk_under_water_one_cm":11934,"minecraft:boat_one_cm":1639,"minecraft:interact_with_lectern":3,"astikorcarts:cart_one_cm":187885,"minecraft:interact_with_blast_furnace":21,"minecraft:total_world_time":443766,"minecraft:time_since_rest":21379,"minecraft:damage_taken":3854,"minecraft:swim_one_cm":72338,"minecraft:fly_one_cm":593452,"minecraft:open_chest":243,"minecraft:fall_one_cm":54436},"minecraft:mined":{"minecraft:stone_pressure_plate":1,"minecraft:white_bed":1,"minecraft:potted_crimson_roots":1,"minecraft:red_nether_bricks":1,"minecraft:jungle_leaves":11,"minecraft:brewing_stand":1,"minecraft:obsidian":9,"minecraft:grass_block":2361,"minecraft:jungle_log":79,"minecraft:coal_block":1,"minecraft:acacia_pressure_plate":2,"minecraft:oxeye_daisy":4,"minecraft:spawner":21,"minecraft:tall_seagrass":5,"minecraft:iron_ore":3,"minecraft:sticky_piston":1,"minecraft:black_carpet":3,"minecraft:nether_brick_stairs":13,"minecraft:enchanting_table":1,"minecraft:pointed_dripstone":1,"minecraft:iron_bars":14,"minecraft:quartz_block":25,"minecraft:torch":6,"minecraft:melon":8,"minecraft:cobblestone":10,"minecraft:sugar_cane":20,"minecraft:wall_torch":6,"minecraft:seagrass":7,"minecraft:birch_log":63,"minecraft:wheat":77,"minecraft:stone_brick_stairs":2,"minecraft:grass":341,"minecraft:oak_log":45,"minecraft:dirt":442,"minecraft:netherrack":1,"minecraft:oak_leaves":31,"minecraft:emerald_block":1,"minecraft:red_carpet":2,"minecraft:mossy_cobblestone":4,"minecraft:dark_oak_leaves":4,"minecraft:dark_oak_log":25,"minecraft:nether_bricks":9,"minecraft:carrots":47,"iceandfire:copper_ore":5,"minecraft:potatoes":178,"minecraft:vine":21,"minecraft:bamboo":1,"minecraft:stone":247,"minecraft:redstone_block":1,"minecraft:red_wool":8,"minecraft:soul_sand":1,"minecraft:dandelion":1,"minecraft:crafting_table":6,"minecraft:cornflower":1,"minecraft:rose_bush":2,"minecraft:lectern":1,"minecraft:tall_grass":16,"minecraft:copper_ore":33,"minecraft:diorite":1,"minecraft:birch_leaves":3,"minecraft:black_wool":10,"minecraft:coal_ore":37,"minecraft:cocoa":1,"minecraft:cobweb":11,"minecraft:cracked_stone_bricks":13,"minecraft:stone_bricks":19,"minecraft:mossy_stone_bricks":6,"minecraft:fern":93},"minecraft:dropped":{"minecraft:oak_log":56,"minecraft:glass_bottle":1,"minecraft:cracked_stone_bricks":1,"minecraft:music_disc_13":1,"sophisticatedbackpacks:gold_backpack":1,"firstaid:bandage":1,"minecraft:crimson_roots":1,"minecraft:gold_nugget":70,"minecraft:phantom_membrane":7,"minecraft:white_wool":5,"minecraft:stone_axe":1,"minecraft:iron_nugget":6,"minecraft:rotten_flesh":7,"iceandfire:fire_lily":2,"minecraft:carrot":3,"minecraft:chainmail_chestplate":1,"minecraft:quartz_block":2,"minecraft:jungle_log":96,"minecraft:leather_boots":1,"minecraft:chest":1,"minecraft:iron_bars":4,"alexsmobs:banana":2,"minecraft:enchanting_table":1,"minecraft:iron_ingot":19,"minecraft:enchanted_book":4,"minecraft:golden_boots":1,"minecraft:black_dye":6,"minecraft:cobblestone":10,"minecraft:diamond_horse_armor":1,"minecraft:brewing_stand":1,"minecraft:melon_slice":9,"minecraft:iron_leggings":1,"minecraft:chainmail_leggings":1,"minecraft:iron_shovel":1,"minecraft:string":47,"minecraft:music_disc_cat":2,"minecraft:stone_sword":2,"minecraft:raw_copper":16,"minecraft:stone_shovel":1,"minecraft:iron_boots":1,"minecraft:nether_bricks":1,"minecraft:diamond_sword":1,"minecraft:potato":13,"minecraft:shield":1,"minecraft:flower_pot":1,"minecraft:golden_leggings":1,"minecraft:spider_eye":2,"minecraft:light_gray_dye":8,"minecraft:bow":1,"minecraft:stone_pickaxe":2,"minecraft:black_wool":15},"minecraft:killed":{"minecraft:cave_spider":1,"minecraft:spider":3,"minecraft:skeleton":18,"minecraft:chicken":9,"minecraft:silverfish":3,"minecraft:pig":1,"minecraft:sheep":11,"minecraft:pillager":1,"minecraft:zombie":22,"minecraft:stray":6,"pillagershunts:archer_pillager":1,"minecraft:cow":1,"alexsmobs:raccoon":1,"alexsmobs:flying_fish":2,"alexsmobs:catfish":1,"minecraft:wither_skeleton":12,"campsite_structures:camper":1},"minecraft:used":{"minecraft:chest":9,"minecraft:shield":154,"minecraft:iron_sword":33,"minecraft:carrot":79,"cgm:shotgun":1,"minecraft:quartz_block":7,"minecraft:stone_brick_stairs":1,"minecraft:stone_bricks":7,"minecraft:bow":22,"minecraft:furnace":1,"minecraft:potato":204,"minecraft:mossy_stone_bricks":1,"minecraft:stone_pickaxe":320,"minecraft:wooden_pickaxe":93,"minecraft:chainmail_helmet":1,"minecraft:sugar_cane":31,"minecraft:golden_apple":7,"minecraft:melon_slice":15,"minecraft:bread":2,"minecraft:diamond_sword":32,"minecraft:birch_log":4,"minecraft:bone_meal":27,"minecraft:cobweb":11,"additionalguns:python":96,"minecraft:iron_bars":1,"minecraft:stone_sword":139,"minecraft:stone_shovel":3114,"astikorcarts:animal_cart":1,"minecraft:torch":269,"minecraft:dirt":121,"minecraft:anvil":2,"minecraft:wooden_axe":106,"minecraft:jungle_log":4,"minecraft:golden_carrot":1,"minecraft:beef":2,"minecraft:cooked_beef":5,"minecraft:acacia_planks":4,"minecraft:wheat_seeds":87,"minecraft:cooked_mutton":2,"minecraft:water_bucket":3,"minecraft:baked_potato":2,"minecraft:birch_boat":2,"minecraft:cracked_stone_bricks":32,"minecraft:mossy_cobblestone":22,"minecraft:crafting_table":9,"minecraft:white_bed":2,"minecraft:diamond_pickaxe":104,"minecraft:iron_pickaxe":2,"minecraft:stone_axe":284,"minecraft:cobblestone":14,"minecraft:potion":6,"minecraft:porkchop":1,"minecraft:bucket":3},"minecraft:crafted":{"minecraft:black_dye":1,"minecraft:oak_planks":72,"minecraft:birch_boat":2,"minecraft:raw_copper":108,"minecraft:chest":4,"minecraft:emerald":9,"minecraft:crafting_table":3,"minecraft:wooden_pickaxe":2,"minecraft:copper_ingot":209,"minecraft:birch_planks":192,"minecraft:stick":216,"minecraft:iron_ingot":2,"minecraft:stone_sword":1,"minecraft:light_gray_dye":4,"minecraft:golden_carrot":1,"minecraft:coal":9,"minecraft:stone_shovel":21,"minecraft:iron_nugget":54,"minecraft:furnace":2,"minecraft:bone_meal":27,"minecraft:stone_pickaxe":8,"minecraft:dark_oak_planks":88,"iceandfire:copper_ingot":5,"minecraft:stone_axe":4,"minecraft:air":0,"minecraft:jungle_planks":60,"minecraft:gold_nugget":27,"minecraft:wooden_axe":4,"firstaid:bandage":4,"minecraft:white_bed":1,"minecraft:acacia_planks":4,"minecraft:torch":180}},"DataVersion":2975}