{"stats":{"minecraft:crafted":{"minecraft:smooth_stone":3,"minecraft:oak_planks":56,"minecraft:wooden_shovel":1,"minecraft:barrel":7,"minecraft:crafting_table":1,"minecraft:wooden_pickaxe":1,"minecraft:birch_slab":60,"minecraft:furnace":1,"minecraft:copper_ingot":64,"minecraft:stone":6,"minecraft:oak_wood":3,"minecraft:birch_planks":96,"minecraft:stone_axe":1,"minecraft:air":0,"minecraft:charcoal":7,"minecraft:stick":152,"minecraft:iron_ingot":40,"minecraft:stone_pickaxe":10,"minecraft:cobblestone_wall":1,"minecraft:chest":1,"minecraft:armor_stand":3,"minecraft:stonecutter":1,"minecraft:torch":112},"minecraft:custom":{"minecraft:interact_with_furnace":16,"minecraft:mob_kills":15,"minecraft:interact_with_crafting_table":26,"minecraft:interact_with_stonecutter":5,"minecraft:leave_game":1,"minecraft:time_since_death":126341,"minecraft:sleep_in_bed":6,"minecraft:climb_one_cm":423,"minecraft:time_since_rest":10989,"minecraft:sprint_one_cm":154742,"minecraft:damage_taken":221,"minecraft:walk_one_cm":406182,"minecraft:damage_blocked_by_shield":340,"minecraft:drop":20,"minecraft:damage_dealt":90,"minecraft:swim_one_cm":2450,"minecraft:fly_one_cm":20819,"minecraft:open_chest":43,"minecraft:crouch_one_cm":983,"minecraft:play_time":126341,"minecraft:sneak_time":808,"minecraft:walk_under_water_one_cm":2233,"minecraft:jump":808,"minecraft:interact_with_brewingstand":1,"minecraft:interact_with_blast_furnace":7,"minecraft:walk_on_water_one_cm":3764,"minecraft:total_world_time":126341,"minecraft:interact_with_smoker":2,"minecraft:fall_one_cm":3281},"minecraft:dropped":{"minecraft:oak_log":10,"minecraft:cobblestone":32,"minecraft:rotten_flesh":3,"minecraft:oak_planks":6,"minecraft:granite":1,"minecraft:coal":12,"minecraft:dirt":24,"minecraft:torch":24,"minecraft:wooden_shovel":1,"minecraft:stone_pickaxe":1,"minecraft:armor_stand":3},"minecraft:mined":{"minecraft:white_bed":3,"minecraft:smoker":1,"minecraft:cobblestone_stairs":7,"minecraft:crafting_table":1,"minecraft:torch":32,"minecraft:granite":2,"minecraft:blast_furnace":1,"minecraft:grass_block":8,"minecraft:melon":16,"minecraft:copper_ore":19,"minecraft:cobblestone":7,"minecraft:lapis_ore":7,"minecraft:wall_torch":19,"minecraft:birch_log":26,"minecraft:iron_ore":41,"minecraft:grass":10,"minecraft:oak_log":59,"minecraft:coal_ore":115,"minecraft:lantern":4,"minecraft:gravel":8,"minecraft:dirt":20,"minecraft:stonecutter":1,"minecraft:stone":500,"minecraft:oak_leaves":21,"minecraft:fern":3},"minecraft:broken":{"minecraft:stone_pickaxe":4,"minecraft:wooden_pickaxe":2},"minecraft:killed":{"minecraft:spider":1,"minecraft:creeper":5,"minecraft:skeleton":1,"minecraft:zombie":3,"alexsmobs:leafcutter_ant":1},"minecraft:used":{"toughasnails:leaf_leggings":1,"minecraft:cobblestone_stairs":44,"minecraft:stone_pickaxe":627,"minecraft:oak_planks":11,"minecraft:chest":1,"minecraft:wooden_pickaxe":116,"minecraft:shield":9,"minecraft:wooden_shovel":26,"minecraft:stonecutter":2,"toughasnails:leaf_boots":1,"minecraft:torch":132,"nzgexpansion:heavy_revolver":26,"minecraft:crafting_table":2,"minecraft:blast_furnace":1,"minecraft:cobblestone_wall":1,"minecraft:white_bed":3,"minecraft:oak_wood":3,"minecraft:smoker":1,"minecraft:lantern":4,"minecraft:bread":4,"minecraft:melon_slice":1,"toughasnails:leaf_chestplate":1,"minecraft:barrel":7,"minecraft:stone_axe":121,"minecraft:cobblestone":101,"minecraft:furnace":1,"toughasnails:purified_water_canteen":3,"nzgexpansion:bolt_action_rifle":7},"minecraft:picked_up":{"minecraft:birch_log":24,"minecraft:crafting_table":1,"minecraft:wooden_pickaxe":1,"minecraft:smoker":1,"toughasnails:leaf_helmet":1,"minecraft:oak_log":58,"minecraft:gunpowder":8,"minecraft:cobblestone_stairs":7,"minecraft:lapis_lazuli":45,"minecraft:dirt":46,"minecraft:lantern":4,"minecraft:raw_copper":64,"minecraft:bone":10,"minecraft:stonecutter":1,"minecraft:wheat_seeds":1,"minecraft:melon_slice":70,"minecraft:iron_sword":1,"minecraft:oak_planks":6,"iceandfire:pixie_dust":1,"minecraft:stick":6,"minecraft:raw_iron":40,"minecraft:torch":51,"minecraft:gravel":106,"minecraft:blast_furnace":1,"minecraft:white_bed":3,"minecraft:arrow":6,"minecraft:rotten_flesh":9,"minecraft:granite":2,"minecraft:oak_sapling":11,"minecraft:oak_leaves":2,"minecraft:coal":157,"alexsmobs:flying_fish":1,"minecraft:cobblestone":498}},"DataVersion":2975}