{"stats":{"minecraft:broken":{"stalwart_dungeons:warted_tungsten_chestplate":1,"minecraft:iron_pickaxe":1},"minecraft:custom":{"minecraft:interact_with_anvil":6,"minecraft:mob_kills":339,"minecraft:leave_game":6,"minecraft:time_since_death":83589,"minecraft:climb_one_cm":4790,"minecraft:damage_resisted":2488,"minecraft:sprint_one_cm":486447,"minecraft:walk_one_cm":1149553,"minecraft:damage_blocked_by_shield":190,"minecraft:drop":67,"minecraft:talked_to_villager":6,"minecraft:play_time":313248,"minecraft:sneak_time":1052,"minecraft:deaths":4,"minecraft:walk_under_water_one_cm":119095,"minecraft:boat_one_cm":470343,"minecraft:jump":2172,"minecraft:walk_on_water_one_cm":83482,"minecraft:total_world_time":313248,"minecraft:interact_with_furnace":2,"minecraft:sleep_in_bed":2,"minecraft:time_since_rest":27551,"minecraft:damage_taken":4181,"minecraft:damage_dealt":7807,"minecraft:player_kills":5,"minecraft:swim_one_cm":47674,"minecraft:fly_one_cm":502456,"minecraft:open_chest":118,"minecraft:crouch_one_cm":448,"minecraft:fall_one_cm":23905},"minecraft:killed":{"savage_and_ravage:skeleton_villager":2,"minecraft:cave_spider":5,"minecraft:zombified_piglin":13,"minecraft:spider":21,"alexsmobs:tasmanian_devil":1,"iceandfire:dread_beast":26,"minecraft:phantom":1,"minecraft:skeleton":20,"alexsmobs:orca":1,"minecraft:guardian":2,"iceandfire:dread_knight":17,"iceandfire:dread_thrall":26,"minecraft:chicken":1,"pillagershunts:assasin_pillager":2,"alexsmobs:tusklin":1,"iceandfire:dread_scuttler":33,"minecraft:piglin_brute":4,"minecraft:piglin":3,"minecraft:pig":1,"iceandfire:cyclops":1,"minecraft:zombie_villager":1,"minecraft:salmon":2,"stalwart_dungeons:giddy_blaze":8,"alexsmobs:seal":8,"minecraft:iron_golem":1,"minecraft:creeper":23,"minecraft:squid":2,"minecraft:polar_bear":1,"alexsmobs:catfish":2,"minecraft:zombie":44,"savage_and_ravage:iceologer":1,"alexsmobs:cachalot_whale":4,"minecraft:stray":20,"iceandfire:ice_dragon":1,"minecraft:glow_squid":1,"iceandfire:dread_ghoul":16,"pillagershunts:pillager_hunter":1,"minecraft:wither_skeleton":12,"campsite_structures:camper":2,"minecraft:villager":1,"minecraft:blaze":8,"iceandfire:sea_serpent":2},"minecraft:used":{"additionalguns:usas12":1080,"minecraft:iron_bars":4,"minecraft:flint_and_steel":1,"additionalguns:awm":88,"minecraft:iron_sword":129,"additionalguns:over_under":148,"minecraft:netherrack":2,"minecraft:torch":221,"minecraft:anvil":3,"minecraft:nether_bricks":14,"minecraft:grass_block":1,"minecraft:stone_bricks":2,"minecraft:enchanted_golden_apple":55,"minecraft:oak_planks":1,"minecraft:cracked_stone_bricks":1,"minecraft:crossbow":9,"minecraft:white_bed":3,"minecraft:iron_pickaxe":439,"minecraft:stone_axe":8,"minecraft:cobblestone":10,"minecraft:potion":2,"additionalguns:ace_of_spades":289,"iceandfire:dread_stone_bricks_cracked":6},"minecraft:picked_up":{"iceandfire:copper_ingot":1,"minecraft:chainmail_boots":3,"minecraft:splash_potion":1,"minecraft:nether_wart":36,"minecraft:potion":2,"minecraft:enchanted_book":3,"iceandfire:frozen_cobblestone":2,"minecraft:nether_brick":16,"minecraft:chain":4,"minecraft:golden_sword":1,"iceandfire:manuscript":9,"minecraft:string":17,"iceandfire:frozen_stone":2,"minecraft:raw_copper":27,"minecraft:red_nether_bricks":2,"minecraft:shroomlight":8,"minecraft:blackstone":11,"minecraft:cracked_stone_bricks":1,"additionalguns:usas12":1,"minecraft:gold_nugget":41,"iceandfire:dread_knight_sword":3,"iceandfire:dread_shard":65,"minecraft:iron_nugget":18,"minecraft:sugar_cane":1,"sophisticatedbackpacks:netherite_backpack":1,"iceandfire:ice_dragon_heart":1,"minecraft:iron_boots":4,"minecraft:tipped_arrow":9,"iceandfire:ghost_chest":1,"minecraft:raw_iron":9,"iceandfire:dragonbone":27,"minecraft:torch":3,"iceandfire:dread_sword":1,"minecraft:porkchop":8,"minecraft:carrot":2,"iceandfire:dragon_skull_ice":2,"iceandfire:silver_ingot":2,"minecraft:quartz_block":5,"minecraft:rotten_flesh":85,"minecraft:arrow":27,"minecraft:stone_shovel":1,"minecraft:nether_bricks":20,"sophisticatedbackpacks:copper_backpack":1,"minecraft:blaze_rod":7,"minecraft:obsidian":2,"minecraft:iron_bars":13,"minecraft:snowball":4,"minecraft:rail":26,"minecraft:cobblestone":78,"iceandfire:sapphire_gem":6,"minecraft:leather_chestplate":1,"minecraft:glow_ink_sac":6,"minecraft:leather":6,"minecraft:potato":1,"stalwart_dungeons:warted_tungsten_helmet":1,"minecraft:chainmail_chestplate":3,"minecraft:golden_boots":1,"minecraft:gunpowder":11,"iceandfire:dragonscales_blue":81,"minecraft:lapis_lazuli":7,"minecraft:dirt":25,"minecraft:leather_boots":1,"minecraft:bone":85,"smallships:cannon_ball":201,"minecraft:stone_bricks":3,"minecraft:bow":4,"minecraft:wheat_seeds":1,"minecraft:iron_ingot":6,"dragonseeker:dragonseeker":1,"minecraft:soul_sand":6,"stalwart_dungeons:transient_block_close":1,"minecraft:quartz":23,"minecraft:cracked_nether_bricks":1,"minecraft:soul_torch":2,"minecraft:spruce_sapling":1,"minecraft:white_bed":3,"minecraft:spruce_log":3,"minecraft:crying_obsidian":3,"minecraft:spectral_arrow":24,"minecraft:spider_eye":26,"minecraft:stone_axe":1,"minecraft:chainmail_leggings":3,"minecraft:iron_helmet":1,"minecraft:crossbow":1,"minecraft:chainmail_helmet":4,"iceandfire:ice_dragon_flesh":1,"alexsmobs:maggot":4,"minecraft:netherrack":11,"iceandfire:silver_nugget":662,"minecraft:coal":58,"additionalguns:ace_of_spades":1,"minecraft:ender_pearl":3},"minecraft:crafted":{"minecraft:furnace":1,"minecraft:flint_and_steel":1,"minecraft:spruce_planks":12,"minecraft:stick":16,"minecraft:iron_pickaxe":1,"minecraft:torch":92},"minecraft:killed_by":{"minecraft:player":2,"iceandfire:dread_ghoul":1,"iceandfire:sea_serpent":1},"minecraft:mined":{"minecraft:nether_gold_ore":9,"minecraft:white_bed":3,"minecraft:mossy_cobblestone":1,"minecraft:red_nether_bricks":2,"minecraft:nether_bricks":21,"iceandfire:frozen_stone":2,"minecraft:grass_block":8,"minecraft:spruce_leaves":3,"minecraft:nether_wart":25,"minecraft:cracked_nether_bricks":1,"minecraft:spawner":19,"minecraft:large_fern":1,"minecraft:polished_blackstone_bricks":1,"minecraft:iron_ore":6,"minecraft:fire":48,"minecraft:shroomlight":10,"minecraft:vine":6,"minecraft:rail":26,"minecraft:iron_bars":12,"minecraft:packed_ice":21,"minecraft:stone":48,"minecraft:quartz_block":12,"minecraft:blackstone":18,"minecraft:soul_sand":3,"stalwart_dungeons:transient_block_close":3,"minecraft:brown_carpet":2,"iceandfire:ghost_chest":1,"iceandfire:sapphire_ore":4,"minecraft:nether_quartz_ore":8,"minecraft:copper_ore":7,"minecraft:lapis_ore":1,"minecraft:wall_torch":1,"minecraft:white_terracotta":1,"minecraft:ice":1,"minecraft:spruce_log":3,"minecraft:grass":4,"minecraft:coal_ore":32,"iceandfire:silver_pile":66,"minecraft:dirt":11,"minecraft:cobweb":2,"minecraft:cracked_stone_bricks":3,"minecraft:stone_bricks":4,"minecraft:netherrack":20,"minecraft:mossy_stone_bricks":1},"minecraft:dropped":{"minecraft:golden_boots":1,"minecraft:iron_sword":1,"minecraft:porkchop":5,"additionalguns:ace_of_spades":1,"minecraft:cobblestone":28,"minecraft:dirt":10,"minecraft:snowball":19,"sophisticatedbackpacks:netherite_backpack":2,"minecraft:potion":1,"minecraft:gold_nugget":4,"iceandfire:frozen_cobblestone":2,"minecraft:gold_ingot":24,"additionalguns:usas12":1,"stalwart_dungeons:warted_tungsten_helmet":1,"minecraft:rotten_flesh":1,"minecraft:enchanted_golden_apple":81,"iceandfire:frozen_stone":1,"minecraft:nether_bricks":1,"minecraft:carrot":1,"iceandfire:dread_knight_sword":1,"minecraft:red_nether_bricks":1}},"DataVersion":2975}