{"stats":{"minecraft:crafted":{"minecraft:light_gray_concrete_powder":8,"minecraft:oak_planks":76,"minecraft:stone_shovel":1,"minecraft:furnace":1,"minecraft:bone_meal":12,"toughasnails:leaf_leggings":4,"minecraft:glass":18,"minecraft:iron_boots":1,"minecraft:chest":2,"toughasnails:leaf_helmet":5,"cgm:workbench":2,"minecraft:wheat":126,"minecraft:cooked_cod":1,"toughasnails:leaf_boots":3,"minecraft:crafting_table":3,"toughasnails:leaf_chestplate":4,"iceandfire:armor_black_boots":2,"minecraft:wooden_pickaxe":1,"minecraft:iron_helmet":1,"iceandfire:armor_red_chestplate":2,"minecraft:birch_planks":4,"minecraft:stone_axe":2,"minecraft:bread":42,"minecraft:air":0,"minecraft:jungle_planks":4,"iceandfire:armor_red_helmet":1,"minecraft:oak_boat":2,"minecraft:iron_chestplate":1,"minecraft:charcoal":14,"toughasnails:water_purifier":2,"minecraft:stick":8,"minecraft:iron_ingot":9,"minecraft:iron_pickaxe":1,"minecraft:iron_leggings":1,"minecraft:light_gray_dye":3,"minecraft:white_bed":2,"minecraft:shears":1},"minecraft:custom":{"minecraft:mob_kills":128,"minecraft:interact_with_crafting_table":34,"minecraft:open_barrel":15,"minecraft:leave_game":8,"minecraft:time_since_death":40160,"minecraft:climb_one_cm":7385,"minecraft:sprint_one_cm":863234,"minecraft:walk_one_cm":658731,"minecraft:damage_blocked_by_shield":370,"minecraft:drop":63,"minecraft:play_time":258507,"minecraft:deaths":18,"minecraft:sneak_time":3477,"minecraft:walk_under_water_one_cm":54087,"minecraft:interact_with_brewingstand":1,"minecraft:boat_one_cm":702620,"minecraft:jump":3301,"minecraft:interact_with_blast_furnace":3,"minecraft:walk_on_water_one_cm":54679,"minecraft:total_world_time":258507,"minecraft:interact_with_furnace":19,"minecraft:sleep_in_bed":10,"minecraft:time_since_rest":21192,"minecraft:damage_taken":3877,"minecraft:damage_dealt":556,"minecraft:swim_one_cm":76752,"minecraft:fly_one_cm":649660,"minecraft:open_chest":50,"minecraft:crouch_one_cm":6851,"minecraft:interact_with_smoker":8,"minecraft:fall_one_cm":85980,"minecraft:inspect_dispenser":1},"minecraft:broken":{"toughasnails:leaf_boots":3,"toughasnails:leaf_chestplate":2,"toughasnails:water_canteen":2,"toughasnails:purified_water_canteen":1,"toughasnails:leaf_helmet":2},"minecraft:mined":{"minecraft:brewing_stand":1,"iceandfire:crackled_gravel":3,"minecraft:grass_block":11,"minecraft:jungle_log":1,"minecraft:hay_block":14,"minecraft:iron_ore":18,"iceandfire:crackled_dirt":6,"iceandfire:gold_pile":4,"minecraft:vine":1,"minecraft:iron_bars":1,"minecraft:light_gray_concrete":6,"minecraft:stone":14,"minecraft:iron_block":1,"minecraft:white_wool":6,"minecraft:podzol":1,"minecraft:smoker":1,"minecraft:brown_carpet":1,"minecraft:blast_furnace":1,"iceandfire:ghost_chest":1,"minecraft:andesite_wall":1,"iceandfire:fire_lily":1,"minecraft:tall_grass":15,"minecraft:sugar_cane":4,"minecraft:diorite":2,"minecraft:birch_log":1,"minecraft:birch_leaves":55,"minecraft:grass":45,"minecraft:oak_log":30,"minecraft:coal_ore":3,"minecraft:sand":48,"minecraft:dirt":13,"minecraft:oak_leaves":90,"minecraft:fern":1},"minecraft:dropped":{"minecraft:bread":1,"minecraft:iron_sword":2,"minecraft:prismarine_shard":3,"minecraft:feather":2,"minecraft:glow_berries":1,"minecraft:stick":2,"iceandfire:crackled_dirt":1,"minecraft:golden_carrot":7,"minecraft:ink_sac":4,"alexsmobs:flying_fish":2,"toughasnails:leaf_helmet":1,"minecraft:sand":9,"toughasnails:leaf_leggings":3,"minecraft:bone":2,"iceandfire:armor_red_chestplate":1,"minecraft:moss_carpet":1,"iceandfire:armor_black_boots":1,"minecraft:iron_nugget":1,"minecraft:cocoa_beans":3,"minecraft:raw_iron":2,"minecraft:chicken":2,"minecraft:rotten_flesh":8,"minecraft:filled_map":2,"structuresadventures:basekleg":1,"iceandfire:pixie_dust":1,"minecraft:arrow":2,"minecraft:wooden_pickaxe":1,"minecraft:beef":1},"minecraft:killed_by":{"minecraft:player":1,"iceandfire:siren":1,"minecraft:drowned":2,"structuresadventures:chicken_warrior":11,"structuresadventures:chicken_wizard":1,"minecraft:skeleton":1,"minecraft:zombie":1},"minecraft:killed":{"structuresadventures:chicken_tnt":4,"minecraft:spider":3,"alexsmobs:gorilla":2,"minecraft:skeleton":15,"structuresadventures:basek":1,"iceandfire:fire_dragon":1,"iceandfire:siren":1,"alexsmobs:leafcutter_ant":3,"pillagershunts:assasin_pillager":3,"minecraft:drowned":2,"alexsmobs:flying_fish":4,"minecraft:pig":1,"structuresadventures:chicken_wizard":3,"structuresadventures:toki_zombie":1,"minecraft:creeper":5,"minecraft:sheep":1,"minecraft:zombie":16,"alexsmobs:crocodile":2,"iceandfire:pixie":1,"structuresadventures:chicken_warrior":42,"pillagershunts:pillager_hunter":4,"pillagershunts:archer_pillager":3,"campsite_structures:camper":9,"iceandfire:sea_serpent":1},"minecraft:used":{"minecraft:azalea":1,"minecraft:moss_carpet":1,"minecraft:iron_bars":1,"toughasnails:leaf_helmet":2,"toughasnails:water_purifier":2,"minecraft:armor_stand":3,"minecraft:stone_shovel":39,"minecraft:chest":2,"minecraft:shield":5,"toughasnails:leaf_boots":2,"minecraft:torch":3,"minecraft:brewing_stand":1,"minecraft:dirt":33,"minecraft:mutton":1,"cgm:workbench":2,"toughasnails:empty_canteen":4,"minecraft:andesite_wall":1,"iceandfire:crackled_gravel":1,"iceandfire:crackled_dirt":3,"iceandfire:ghost_chest":1,"minecraft:brown_carpet":1,"minecraft:beef":1,"minecraft:oak_sapling":1,"minecraft:furnace":1,"minecraft:cooked_cod":1,"minecraft:skeleton_skull":1,"minecraft:egg":1,"minecraft:cooked_beef":2,"minecraft:diorite":2,"toughasnails:leaf_leggings":2,"minecraft:stone_pickaxe":39,"minecraft:wooden_pickaxe":2,"minecraft:sugar_cane":4,"toughasnails:water_canteen":50,"minecraft:oak_leaves":1,"nzgexpansion:heavy_revolver":165,"minecraft:crafting_table":3,"minecraft:blast_furnace":1,"minecraft:white_bed":2,"minecraft:light_gray_concrete_powder":8,"minecraft:cod":1,"minecraft:shears":119,"minecraft:smoker":1,"alexsmobs:flying_fish":1,"minecraft:bread":21,"minecraft:iron_pickaxe":12,"toughasnails:leaf_chestplate":2,"minecraft:stone_axe":36,"minecraft:cobblestone":17,"toughasnails:purified_water_canteen":17,"minecraft:oak_boat":5,"iceandfire:fire_lily":1,"minecraft:splash_potion":1,"minecraft:bone_meal":12,"nzgexpansion:bolt_action_rifle":144},"minecraft:picked_up":{"iceandfire:dragon_skull_lightning":1,"minecraft:cocoa_beans":3,"minecraft:chicken":14,"minecraft:prismarine_shard":3,"iceandfire:fire_lily":1,"structuresadventures:basek_fat":7,"minecraft:brewing_stand":1,"iceandfire:manuscript":6,"minecraft:raw_copper":5,"minecraft:moss_carpet":2,"minecraft:armor_stand":3,"minecraft:gold_nugget":77,"minecraft:beef":3,"minecraft:oak_boat":3,"minecraft:iron_nugget":3,"minecraft:azalea":1,"minecraft:wooden_shovel":1,"minecraft:enchanted_golden_apple":1,"minecraft:sugar_cane":4,"cgm:advanced_bullet":64,"iceandfire:dragonscales_red":24,"minecraft:egg":2,"iceandfire:pixie_dust":1,"minecraft:stick":13,"minecraft:raw_iron":21,"iceandfire:dragonbone":18,"iceandfire:ghost_chest":1,"iceandfire:crackled_dirt":4,"minecraft:torch":25,"minecraft:porkchop":2,"iceandfire:lightning_dragon_flesh":3,"iceandfire:crackled_gravel":1,"minecraft:diorite":2,"minecraft:prismarine_crystals":1,"minecraft:brown_carpet":1,"toughasnails:empty_canteen":1,"minecraft:andesite_wall":1,"minecraft:arrow":8,"minecraft:rotten_flesh":13,"minecraft:hay_block":14,"iceandfire:fire_dragon_heart":1,"minecraft:iron_block":1,"minecraft:iron_bars":1,"minecraft:glow_berries":1,"minecraft:mutton":2,"alexsmobs:flying_fish":7,"minecraft:cod":1,"minecraft:skeleton_skull":1,"minecraft:white_wool":7,"minecraft:cobblestone":40,"minecraft:birch_log":1,"iceandfire:dragonscales_black":9,"minecraft:birch_leaves":48,"minecraft:feather":4,"minecraft:cooked_beef":2,"iceandfire:sea_serpent_fang":12,"minecraft:jungle_log":1,"structuresadventures:basekleg":1,"minecraft:smoker":1,"savage_and_ravage:creeper_spores":1,"minecraft:oak_log":42,"iceandfire:ectoplasm":2,"minecraft:gunpowder":8,"minecraft:dirt":57,"minecraft:bone":10,"minecraft:apple":1,"minecraft:wheat_seeds":3,"minecraft:iron_ingot":2,"minecraft:stone_pickaxe":1,"minecraft:iron_sword":2,"iceandfire:shiny_scales":2,"minecraft:sand":47,"minecraft:blast_furnace":1,"minecraft:ink_sac":4,"iceandfire:lightning_dragon_heart":1,"minecraft:light_gray_concrete":6,"minecraft:bone_meal":1,"minecraft:oak_sapling":8,"minecraft:oak_leaves":62,"minecraft:coal":14}},"DataVersion":2975}