{"stats":{"minecraft:crafted":{"minecraft:light_gray_concrete_powder":8,"minecraft:oak_planks":112,"toughasnails:leaf_leggings":4,"minecraft:glass":18,"minecraft:iron_boots":1,"minecraft:chest":4,"toughasnails:leaf_helmet":5,"toughasnails:leaf_boots":3,"minecraft:crafting_table":4,"minecraft:wooden_pickaxe":1,"minecraft:iron_helmet":1,"iceandfire:armor_red_chestplate":2,"minecraft:birch_planks":4,"minecraft:iron_chestplate":1,"minecraft:charcoal":14,"toughasnails:water_purifier":2,"minecraft:stick":20,"minecraft:iron_ingot":9,"minecraft:iron_pickaxe":1,"minecraft:light_gray_dye":3,"minecraft:shears":1,"minecraft:stone_shovel":1,"iceandfire:dragon_stick":1,"minecraft:furnace":1,"minecraft:bone_meal":12,"cgm:workbench":2,"minecraft:wheat":126,"minecraft:cooked_cod":1,"toughasnails:leaf_chestplate":4,"iceandfire:armor_black_boots":2,"minecraft:stone_axe":2,"minecraft:bread":42,"minecraft:air":0,"minecraft:jungle_planks":1622,"iceandfire:armor_red_helmet":1,"minecraft:oak_boat":4,"minecraft:iron_leggings":1,"minecraft:white_bed":2},"minecraft:custom":{"minecraft:interact_with_crafting_table":39,"minecraft:open_barrel":27,"minecraft:leave_game":9,"minecraft:time_since_death":20689,"minecraft:sprint_one_cm":1388648,"minecraft:damage_blocked_by_shield":450,"minecraft:drop":95,"minecraft:play_time":503473,"minecraft:deaths":42,"minecraft:jump":6114,"minecraft:interact_with_brewingstand":1,"minecraft:walk_on_water_one_cm":134582,"minecraft:interact_with_furnace":19,"minecraft:sleep_in_bed":13,"minecraft:damage_dealt":1871,"minecraft:crouch_one_cm":115315,"minecraft:interact_with_smoker":9,"minecraft:inspect_dispenser":1,"minecraft:mob_kills":231,"minecraft:climb_one_cm":17385,"minecraft:walk_one_cm":1177379,"minecraft:raid_win":1,"minecraft:sneak_time":32991,"minecraft:walk_under_water_one_cm":184531,"minecraft:boat_one_cm":1014609,"minecraft:interact_with_blast_furnace":3,"minecraft:total_world_time":503473,"minecraft:time_since_rest":20734,"minecraft:damage_taken":8924,"minecraft:swim_one_cm":131542,"minecraft:fly_one_cm":1340696,"minecraft:open_chest":83,"minecraft:fall_one_cm":151514},"minecraft:broken":{"toughasnails:leaf_boots":3,"toughasnails:leaf_chestplate":2,"minecraft:stone_axe":1,"toughasnails:water_canteen":2,"toughasnails:purified_water_canteen":2,"toughasnails:leaf_helmet":3},"minecraft:mined":{"minecraft:jungle_leaves":13,"minecraft:brewing_stand":1,"minecraft:grass_block":15,"minecraft:jungle_log":101,"minecraft:hopper":16,"minecraft:magma_block":4,"minecraft:iron_ore":18,"minecraft:fire":6,"minecraft:anvil":68,"iceandfire:crackled_dirt":6,"iceandfire:gold_pile":4,"minecraft:iron_bars":2,"minecraft:light_gray_concrete":6,"minecraft:iron_block":1,"minecraft:kelp_plant":12,"minecraft:smoker":1,"minecraft:blast_furnace":1,"iceandfire:ghost_chest":1,"iceandfire:fire_lily":1,"minecraft:sugar_cane":4,"minecraft:birch_log":1,"minecraft:stone_brick_stairs":3,"minecraft:grass":52,"minecraft:oak_log":37,"minecraft:sand":48,"minecraft:dirt":13,"minecraft:raw_copper_block":1,"minecraft:oak_leaves":105,"iceandfire:crackled_gravel":3,"minecraft:jungle_planks":16,"minecraft:cartography_table":1,"minecraft:kelp":150,"minecraft:large_fern":1,"minecraft:hay_block":14,"minecraft:vine":6,"minecraft:stone":14,"minecraft:white_wool":6,"minecraft:podzol":1,"minecraft:redstone_block":10,"minecraft:infested_stone_bricks":3,"minecraft:brown_carpet":1,"minecraft:stone_brick_slab":20,"minecraft:crafting_table":1,"minecraft:andesite_wall":1,"minecraft:tall_grass":15,"minecraft:copper_ore":16,"minecraft:diorite":2,"minecraft:coarse_dirt":2,"minecraft:birch_leaves":55,"minecraft:coal_ore":3,"minecraft:stone_bricks":63,"minecraft:fern":3},"minecraft:dropped":{"minecraft:iron_sword":2,"minecraft:diamond":4,"minecraft:glow_berries":1,"minecraft:dirt":4,"alexsmobs:flying_fish":5,"minecraft:sand":9,"minecraft:bone":2,"minecraft:iron_nugget":5,"minecraft:rotten_flesh":12,"structuresadventures:basekleg":1,"iceandfire:pixie_dust":1,"minecraft:arrow":4,"minecraft:beef":1,"minecraft:bread":1,"minecraft:wheat_seeds":5,"minecraft:prismarine_shard":3,"minecraft:feather":5,"minecraft:stick":3,"minecraft:golden_carrot":7,"iceandfire:crackled_dirt":1,"minecraft:ink_sac":4,"minecraft:oak_stairs":1,"toughasnails:leaf_helmet":1,"toughasnails:purified_water_canteen":1,"minecraft:white_banner":1,"toughasnails:leaf_leggings":5,"minecraft:string":2,"minecraft:stone_brick_slab":1,"structuresadventures:rotten_flesh_moosy_cobblestone":48,"iceandfire:armor_red_chestplate":1,"minecraft:moss_carpet":1,"cgm:advanced_bullet":96,"minecraft:kelp":40,"iceandfire:armor_black_boots":1,"minecraft:cocoa_beans":9,"minecraft:raw_iron":2,"minecraft:chicken":2,"cgm:grenade_launcher":1,"minecraft:filled_map":2,"minecraft:oak_boat":1,"minecraft:wooden_pickaxe":1},"minecraft:killed_by":{"iceandfire:siren":1,"minecraft:pillager":2,"minecraft:drowned":2,"pillagershunts:archer_pillager":1,"structuresadventures:chicken_warrior":14,"structuresadventures:chicken_wizard":1,"minecraft:zombie":3,"structuresadventures:toki_zombie":1,"alexsmobs:skelewag":2,"minecraft:player":3,"pillagershunts:assasin_pillager":5,"minecraft:skeleton":4},"minecraft:killed":{"guardvillagers:guard":1,"minecraft:witch":3,"minecraft:spider":8,"minecraft:skeleton":30,"structuresadventures:basek":1,"savage_and_ravage:griefer":2,"alexsmobs:leafcutter_ant":4,"pillagershunts:assasin_pillager":3,"minecraft:silverfish":5,"savage_and_ravage:creepie":1,"minecraft:pig":1,"minecraft:zombie_villager":1,"structuresadventures:chicken_wizard":4,"structuresadventures:toki_zombie":1,"minecraft:creeper":17,"minecraft:sheep":1,"minecraft:pillager":6,"minecraft:zombie":38,"iceandfire:pixie":1,"pillagershunts:pillager_hunter":6,"pillagershunts:archer_pillager":9,"iceandfire:sea_serpent":3,"minecraft:vex":1,"structuresadventures:chicken_tnt":4,"minecraft:vindicator":2,"alexsmobs:gorilla":2,"iceandfire:fire_dragon":1,"iceandfire:siren":1,"minecraft:drowned":5,"alexsmobs:flying_fish":9,"alexsmobs:crocodile":2,"structuresadventures:chicken_warrior":47,"campsite_structures:camper":9,"minecraft:villager":1},"minecraft:used":{"minecraft:moss_carpet":1,"minecraft:chest":4,"minecraft:shield":7,"minecraft:mutton":1,"additionalguns:mammoth":4,"minecraft:jungle_planks":1496,"minecraft:jungle_sapling":2,"iceandfire:crackled_gravel":1,"iceandfire:ghost_chest":1,"minecraft:stone_bricks":512,"minecraft:brown_carpet":1,"minecraft:furnace":1,"minecraft:oak_sapling":4,"minecraft:cooked_cod":1,"minecraft:skeleton_skull":1,"minecraft:egg":1,"iceandfire:armor_red_helmet":1,"minecraft:diorite":2,"minecraft:stone_pickaxe":39,"minecraft:wooden_pickaxe":2,"minecraft:sugar_cane":4,"toughasnails:water_canteen":77,"minecraft:oak_leaves":1,"nzgexpansion:heavy_revolver":320,"minecraft:blast_furnace":1,"minecraft:shears":119,"minecraft:bread":38,"minecraft:string":1,"minecraft:gravel":1,"minecraft:oak_boat":6,"iceandfire:fire_lily":1,"minecraft:coarse_dirt":1,"minecraft:bone_meal":12,"minecraft:azalea":1,"minecraft:oak_fence":2,"minecraft:iron_bars":2,"toughasnails:leaf_helmet":3,"toughasnails:water_purifier":2,"minecraft:armor_stand":3,"minecraft:stone_shovel":39,"toughasnails:leaf_boots":2,"minecraft:torch":3,"minecraft:brewing_stand":1,"minecraft:dirt":38,"cgm:workbench":2,"toughasnails:empty_canteen":5,"minecraft:andesite_wall":1,"minecraft:stone_brick_slab":78,"minecraft:iron_axe":17,"iceandfire:crackled_dirt":3,"minecraft:jungle_log":46,"minecraft:beef":1,"minecraft:cooked_beef":2,"minecraft:water_bucket":1,"toughasnails:leaf_leggings":2,"minecraft:cartography_table":1,"iceandfire:dragon_skull_lightning":2,"minecraft:crafting_table":5,"minecraft:white_bed":2,"minecraft:light_gray_concrete_powder":8,"minecraft:cod":2,"minecraft:infested_stone_bricks":64,"minecraft:smoker":1,"minecraft:oak_log":1,"alexsmobs:flying_fish":2,"minecraft:iron_pickaxe":226,"toughasnails:leaf_chestplate":2,"minecraft:stone_axe":190,"minecraft:cobblestone":17,"toughasnails:purified_water_canteen":22,"minecraft:bucket":2,"minecraft:splash_potion":1,"nzgexpansion:bolt_action_rifle":199},"minecraft:picked_up":{"toughasnails:leaf_leggings":1,"minecraft:redstone_block":10,"minecraft:anvil":68,"minecraft:prismarine_shard":3,"minecraft:oak_stairs":1,"minecraft:stone_brick_stairs":5,"minecraft:brewing_stand":1,"iceandfire:manuscript":6,"minecraft:string":3,"minecraft:raw_copper":63,"minecraft:armor_stand":3,"iceandfire:sea_serpent_scales_bronze":7,"minecraft:diamond_leggings":1,"minecraft:gold_nugget":77,"minecraft:azalea":1,"minecraft:wooden_shovel":1,"minecraft:enchanted_golden_apple":1,"cgm:advanced_bullet":199,"iceandfire:dragonscales_red":24,"iceandfire:pixie_dust":1,"minecraft:stick":13,"iceandfire:ghost_chest":1,"iceandfire:crackled_dirt":4,"minecraft:torch":25,"minecraft:porkchop":2,"iceandfire:lightning_dragon_flesh":3,"iceandfire:crackled_gravel":1,"minecraft:diorite":2,"structuresadventures:rotten_flesh_moosy_cobblestone":48,"minecraft:brown_carpet":1,"minecraft:andesite_wall":1,"minecraft:rotten_flesh":26,"iceandfire:fire_dragon_heart":1,"minecraft:iron_block":1,"nzgexpansion:medium_bullet":144,"minecraft:iron_bars":2,"minecraft:cod":4,"alexsmobs:flying_fish":15,"minecraft:cobblestone":40,"minecraft:birch_log":1,"iceandfire:dragonscales_black":9,"minecraft:magma_block":4,"minecraft:feather":7,"minecraft:cooked_beef":2,"minecraft:jungle_log":123,"minecraft:smoker":1,"minecraft:dirt":194,"minecraft:bone":12,"minecraft:wheat_seeds":8,"iceandfire:amphithere_feather":1,"minecraft:jungle_planks":15,"minecraft:sand":47,"iceandfire:shiny_scales":6,"iceandfire:dragon_skull_fire":1,"minecraft:ink_sac":4,"nzgexpansion:bolt_action_rifle":1,"iceandfire:lightning_dragon_heart":1,"cgm:pistol":4,"minecraft:light_gray_concrete":6,"minecraft:bone_meal":1,"minecraft:emerald":9,"minecraft:oak_sapling":11,"minecraft:oak_leaves":62,"minecraft:crafting_table":1,"iceandfire:dragon_skull_lightning":2,"minecraft:cocoa_beans":9,"minecraft:coarse_dirt":1,"minecraft:chicken":17,"iceandfire:fire_lily":1,"iceandfire:chain":3,"structuresadventures:basek_fat":7,"minecraft:moss_carpet":2,"minecraft:cartography_table":1,"minecraft:beef":5,"minecraft:oak_boat":3,"minecraft:jungle_sapling":2,"minecraft:iron_nugget":7,"minecraft:sugar_cane":7,"minecraft:raw_copper_block":1,"minecraft:egg":4,"pillagershunts:totem":1,"minecraft:raw_iron":21,"iceandfire:dragonbone":18,"minecraft:copper_ingot":1,"minecraft:carrot":1,"minecraft:prismarine_crystals":1,"toughasnails:empty_canteen":1,"minecraft:diamond_chestplate":1,"minecraft:arrow":19,"minecraft:hay_block":14,"minecraft:totem_of_undying":1,"minecraft:saddle":1,"minecraft:gold_ingot":2,"firstaid:bandage":48,"minecraft:glow_berries":1,"minecraft:mutton":2,"minecraft:skeleton_skull":1,"minecraft:white_wool":7,"minecraft:birch_leaves":48,"iceandfire:sea_serpent_fang":16,"minecraft:leather":1,"structuresadventures:basekleg":1,"savage_and_ravage:creeper_spores":1,"minecraft:oak_log":52,"iceandfire:ectoplasm":2,"minecraft:gunpowder":18,"minecraft:white_banner":2,"cgm:grenade_launcher":1,"minecraft:apple":1,"minecraft:stone_bricks":493,"minecraft:kelp":157,"minecraft:iron_ingot":2,"minecraft:stone_pickaxe":1,"minecraft:iron_sword":2,"minecraft:stone_brick_slab":79,"minecraft:gravel":1,"minecraft:blast_furnace":1,"additionalguns:mammoth":1,"minecraft:spider_eye":2,"minecraft:infested_stone_bricks":64,"minecraft:stone_axe":1,"minecraft:coal":14,"minecraft:hopper":16}},"DataVersion":2975}