{"stats":{"minecraft:crafted":{"minecraft:light_gray_concrete_powder":8,"minecraft:oak_planks":112,"minecraft:stone_shovel":1,"iceandfire:dragon_stick":1,"minecraft:furnace":1,"minecraft:bone_meal":12,"toughasnails:leaf_leggings":4,"minecraft:glass":18,"minecraft:iron_boots":1,"minecraft:chest":4,"toughasnails:leaf_helmet":5,"cgm:workbench":2,"minecraft:wheat":126,"minecraft:cooked_cod":1,"toughasnails:leaf_boots":3,"minecraft:crafting_table":4,"toughasnails:leaf_chestplate":4,"iceandfire:armor_black_boots":2,"minecraft:wooden_pickaxe":1,"minecraft:iron_helmet":1,"iceandfire:armor_red_chestplate":2,"minecraft:birch_planks":4,"minecraft:stone_axe":2,"minecraft:bread":42,"minecraft:air":0,"minecraft:jungle_planks":148,"iceandfire:armor_red_helmet":1,"minecraft:oak_boat":4,"minecraft:iron_chestplate":1,"minecraft:charcoal":14,"toughasnails:water_purifier":2,"minecraft:stick":20,"minecraft:iron_ingot":9,"minecraft:iron_pickaxe":1,"minecraft:iron_leggings":1,"minecraft:light_gray_dye":3,"minecraft:white_bed":2,"minecraft:shears":1},"minecraft:custom":{"minecraft:mob_kills":166,"minecraft:interact_with_crafting_table":39,"minecraft:open_barrel":20,"minecraft:leave_game":8,"minecraft:time_since_death":11861,"minecraft:climb_one_cm":8192,"minecraft:sprint_one_cm":1111791,"minecraft:walk_one_cm":899607,"minecraft:damage_blocked_by_shield":450,"minecraft:drop":80,"minecraft:play_time":366507,"minecraft:deaths":35,"minecraft:sneak_time":10077,"minecraft:walk_under_water_one_cm":140815,"minecraft:interact_with_brewingstand":1,"minecraft:boat_one_cm":1014609,"minecraft:jump":4540,"minecraft:interact_with_blast_furnace":3,"minecraft:walk_on_water_one_cm":90698,"minecraft:total_world_time":366507,"minecraft:interact_with_furnace":19,"minecraft:sleep_in_bed":12,"minecraft:time_since_rest":11914,"minecraft:damage_taken":7444,"minecraft:damage_dealt":1581,"minecraft:swim_one_cm":99993,"minecraft:fly_one_cm":982671,"minecraft:open_chest":72,"minecraft:crouch_one_cm":24554,"minecraft:interact_with_smoker":9,"minecraft:fall_one_cm":118432,"minecraft:inspect_dispenser":1},"minecraft:broken":{"toughasnails:leaf_boots":3,"toughasnails:leaf_chestplate":2,"toughasnails:water_canteen":2,"toughasnails:purified_water_canteen":1,"toughasnails:leaf_helmet":3},"minecraft:mined":{"minecraft:jungle_leaves":2,"minecraft:brewing_stand":1,"iceandfire:crackled_gravel":3,"minecraft:grass_block":15,"minecraft:jungle_planks":1,"minecraft:jungle_log":31,"minecraft:kelp":21,"minecraft:hopper":16,"minecraft:cartography_table":1,"minecraft:large_fern":1,"minecraft:hay_block":14,"minecraft:iron_ore":18,"minecraft:anvil":68,"iceandfire:crackled_dirt":6,"iceandfire:gold_pile":4,"minecraft:vine":4,"minecraft:iron_bars":2,"minecraft:light_gray_concrete":6,"minecraft:stone":14,"minecraft:iron_block":1,"minecraft:white_wool":6,"minecraft:podzol":1,"minecraft:infested_stone_bricks":2,"minecraft:kelp_plant":10,"minecraft:smoker":1,"minecraft:stone_brick_slab":1,"minecraft:brown_carpet":1,"minecraft:crafting_table":1,"minecraft:blast_furnace":1,"iceandfire:ghost_chest":1,"minecraft:andesite_wall":1,"iceandfire:fire_lily":1,"minecraft:copper_ore":16,"minecraft:tall_grass":15,"minecraft:sugar_cane":4,"minecraft:diorite":2,"minecraft:coarse_dirt":2,"minecraft:birch_log":1,"minecraft:birch_leaves":55,"minecraft:stone_brick_stairs":3,"minecraft:grass":50,"minecraft:oak_log":37,"minecraft:coal_ore":3,"minecraft:sand":48,"minecraft:dirt":13,"minecraft:raw_copper_block":1,"minecraft:oak_leaves":100,"minecraft:fern":3},"minecraft:dropped":{"minecraft:bread":1,"minecraft:iron_sword":2,"minecraft:wheat_seeds":1,"minecraft:diamond":4,"minecraft:prismarine_shard":3,"minecraft:feather":5,"minecraft:glow_berries":1,"minecraft:dirt":4,"minecraft:stick":2,"iceandfire:crackled_dirt":1,"minecraft:golden_carrot":7,"minecraft:ink_sac":4,"alexsmobs:flying_fish":3,"minecraft:oak_stairs":1,"toughasnails:purified_water_canteen":1,"toughasnails:leaf_helmet":1,"minecraft:sand":9,"toughasnails:leaf_leggings":5,"minecraft:string":2,"minecraft:bone":2,"iceandfire:armor_red_chestplate":1,"minecraft:moss_carpet":1,"iceandfire:armor_black_boots":1,"minecraft:iron_nugget":5,"minecraft:cocoa_beans":3,"minecraft:raw_iron":2,"minecraft:chicken":2,"minecraft:rotten_flesh":12,"minecraft:filled_map":2,"structuresadventures:basekleg":1,"minecraft:oak_boat":1,"iceandfire:pixie_dust":1,"minecraft:arrow":2,"minecraft:wooden_pickaxe":1,"minecraft:beef":1},"minecraft:killed_by":{"alexsmobs:skelewag":2,"minecraft:player":3,"pillagershunts:assasin_pillager":5,"iceandfire:siren":1,"minecraft:drowned":2,"pillagershunts:archer_pillager":1,"structuresadventures:chicken_warrior":14,"structuresadventures:chicken_wizard":1,"minecraft:skeleton":1,"minecraft:zombie":2},"minecraft:killed":{"structuresadventures:chicken_tnt":4,"minecraft:witch":1,"minecraft:spider":6,"alexsmobs:gorilla":2,"minecraft:skeleton":20,"structuresadventures:basek":1,"iceandfire:fire_dragon":1,"iceandfire:siren":1,"alexsmobs:leafcutter_ant":4,"pillagershunts:assasin_pillager":3,"minecraft:silverfish":2,"minecraft:drowned":3,"alexsmobs:flying_fish":4,"minecraft:pig":1,"structuresadventures:chicken_wizard":4,"structuresadventures:toki_zombie":1,"minecraft:creeper":7,"minecraft:sheep":1,"minecraft:zombie":23,"alexsmobs:crocodile":2,"iceandfire:pixie":1,"structuresadventures:chicken_warrior":47,"pillagershunts:pillager_hunter":6,"pillagershunts:archer_pillager":9,"campsite_structures:camper":9,"iceandfire:sea_serpent":3},"minecraft:used":{"minecraft:azalea":1,"minecraft:oak_fence":2,"minecraft:moss_carpet":1,"minecraft:iron_bars":2,"toughasnails:leaf_helmet":3,"toughasnails:water_purifier":2,"minecraft:armor_stand":3,"minecraft:stone_shovel":39,"minecraft:chest":4,"minecraft:shield":7,"toughasnails:leaf_boots":2,"minecraft:torch":3,"minecraft:brewing_stand":1,"minecraft:dirt":38,"minecraft:mutton":1,"cgm:workbench":2,"minecraft:jungle_planks":125,"toughasnails:empty_canteen":4,"minecraft:stone_brick_slab":21,"minecraft:andesite_wall":1,"iceandfire:crackled_gravel":1,"iceandfire:crackled_dirt":3,"iceandfire:ghost_chest":1,"minecraft:stone_bricks":2,"minecraft:brown_carpet":1,"minecraft:beef":1,"minecraft:oak_sapling":4,"minecraft:furnace":1,"minecraft:cooked_cod":1,"minecraft:skeleton_skull":1,"minecraft:egg":1,"minecraft:cooked_beef":2,"minecraft:water_bucket":1,"minecraft:diorite":2,"toughasnails:leaf_leggings":2,"minecraft:stone_pickaxe":39,"minecraft:cartography_table":1,"minecraft:wooden_pickaxe":2,"iceandfire:dragon_skull_lightning":1,"minecraft:sugar_cane":4,"toughasnails:water_canteen":50,"minecraft:oak_leaves":1,"nzgexpansion:heavy_revolver":241,"minecraft:crafting_table":5,"minecraft:blast_furnace":1,"minecraft:white_bed":2,"minecraft:light_gray_concrete_powder":8,"minecraft:cod":2,"minecraft:infested_stone_bricks":64,"minecraft:shears":119,"minecraft:smoker":1,"minecraft:oak_log":1,"alexsmobs:flying_fish":2,"minecraft:string":1,"minecraft:bread":29,"minecraft:iron_pickaxe":123,"minecraft:gravel":1,"toughasnails:leaf_chestplate":2,"minecraft:stone_axe":103,"minecraft:cobblestone":17,"minecraft:bucket":2,"toughasnails:purified_water_canteen":21,"minecraft:oak_boat":6,"minecraft:coarse_dirt":1,"iceandfire:fire_lily":1,"minecraft:splash_potion":1,"minecraft:bone_meal":12,"nzgexpansion:bolt_action_rifle":152},"minecraft:picked_up":{"minecraft:coarse_dirt":1,"toughasnails:leaf_leggings":1,"iceandfire:dragon_skull_lightning":1,"minecraft:cocoa_beans":9,"minecraft:crafting_table":1,"minecraft:chicken":17,"minecraft:anvil":68,"minecraft:prismarine_shard":3,"iceandfire:fire_lily":1,"iceandfire:chain":3,"minecraft:oak_stairs":1,"structuresadventures:basek_fat":7,"minecraft:stone_brick_stairs":5,"minecraft:brewing_stand":1,"minecraft:string":3,"iceandfire:manuscript":6,"minecraft:raw_copper":63,"minecraft:moss_carpet":2,"minecraft:armor_stand":3,"iceandfire:sea_serpent_scales_bronze":7,"minecraft:cartography_table":1,"minecraft:gold_nugget":77,"minecraft:beef":5,"minecraft:oak_boat":3,"minecraft:iron_nugget":7,"minecraft:azalea":1,"minecraft:wooden_shovel":1,"minecraft:enchanted_golden_apple":1,"minecraft:sugar_cane":7,"cgm:advanced_bullet":64,"minecraft:raw_copper_block":1,"iceandfire:dragonscales_red":24,"minecraft:egg":4,"pillagershunts:totem":1,"iceandfire:pixie_dust":1,"minecraft:stick":13,"minecraft:raw_iron":21,"iceandfire:dragonbone":18,"iceandfire:ghost_chest":1,"iceandfire:crackled_dirt":4,"minecraft:copper_ingot":1,"minecraft:torch":25,"minecraft:porkchop":2,"iceandfire:lightning_dragon_flesh":3,"iceandfire:crackled_gravel":1,"minecraft:diorite":2,"minecraft:prismarine_crystals":1,"minecraft:brown_carpet":1,"toughasnails:empty_canteen":1,"minecraft:andesite_wall":1,"minecraft:arrow":13,"minecraft:rotten_flesh":20,"minecraft:hay_block":14,"iceandfire:fire_dragon_heart":1,"minecraft:iron_block":1,"firstaid:bandage":48,"minecraft:saddle":1,"minecraft:gold_ingot":2,"minecraft:iron_bars":2,"minecraft:glow_berries":1,"minecraft:mutton":2,"alexsmobs:flying_fish":9,"minecraft:cod":3,"minecraft:skeleton_skull":1,"minecraft:white_wool":7,"minecraft:cobblestone":40,"minecraft:birch_log":1,"iceandfire:dragonscales_black":9,"minecraft:birch_leaves":48,"minecraft:feather":7,"minecraft:cooked_beef":2,"iceandfire:sea_serpent_fang":16,"minecraft:jungle_log":37,"minecraft:leather":1,"structuresadventures:basekleg":1,"minecraft:smoker":1,"savage_and_ravage:creeper_spores":1,"minecraft:oak_log":52,"iceandfire:ectoplasm":2,"minecraft:gunpowder":13,"minecraft:dirt":194,"minecraft:bone":12,"minecraft:apple":1,"minecraft:stone_bricks":2,"minecraft:kelp":53,"minecraft:wheat_seeds":6,"minecraft:iron_ingot":2,"minecraft:stone_pickaxe":1,"minecraft:iron_sword":2,"minecraft:jungle_planks":1,"minecraft:stone_brick_slab":57,"iceandfire:dragon_skull_fire":1,"minecraft:gravel":1,"iceandfire:shiny_scales":6,"minecraft:sand":47,"minecraft:blast_furnace":1,"minecraft:ink_sac":4,"iceandfire:lightning_dragon_heart":1,"minecraft:spider_eye":2,"minecraft:infested_stone_bricks":64,"minecraft:light_gray_concrete":6,"minecraft:stone_axe":1,"minecraft:bone_meal":1,"minecraft:hopper":16,"minecraft:oak_sapling":11,"minecraft:oak_leaves":62,"minecraft:coal":14}},"DataVersion":2975}