{"stats":{"minecraft:custom":{"minecraft:interact_with_crafting_table":41,"minecraft:open_barrel":31,"minecraft:leave_game":17,"minecraft:time_since_death":197334,"minecraft:sprint_one_cm":1607356,"minecraft:damage_blocked_by_shield":540,"minecraft:drop":182,"minecraft:talked_to_villager":3,"minecraft:play_time":680118,"minecraft:deaths":42,"minecraft:jump":7159,"minecraft:interact_with_brewingstand":1,"minecraft:walk_on_water_one_cm":149994,"minecraft:interact_with_furnace":19,"minecraft:sleep_in_bed":15,"minecraft:damage_dealt":1936,"minecraft:crouch_one_cm":136232,"minecraft:interact_with_smoker":9,"minecraft:inspect_dispenser":1,"minecraft:mob_kills":299,"minecraft:climb_one_cm":18406,"minecraft:walk_one_cm":1506937,"minecraft:raid_win":5,"minecraft:sneak_time":40274,"minecraft:walk_under_water_one_cm":220487,"minecraft:boat_one_cm":1014609,"minecraft:interact_with_blast_furnace":3,"minecraft:total_world_time":680118,"minecraft:raid_trigger":2,"minecraft:time_since_rest":21725,"minecraft:damage_taken":9824,"minecraft:swim_one_cm":147703,"minecraft:fly_one_cm":2018825,"minecraft:open_chest":95,"minecraft:fall_one_cm":169421},"minecraft:mined":{"minecraft:jungle_leaves":15,"minecraft:brewing_stand":1,"minecraft:grass_block":15,"minecraft:jungle_log":101,"minecraft:hopper":16,"minecraft:magma_block":4,"minecraft:iron_ore":18,"minecraft:fire":6,"minecraft:anvil":68,"iceandfire:crackled_dirt":6,"iceandfire:gold_pile":4,"minecraft:iron_bars":2,"minecraft:light_gray_concrete":6,"minecraft:iron_block":1,"minecraft:kelp_plant":12,"minecraft:smoker":1,"minecraft:blast_furnace":1,"iceandfire:ghost_chest":1,"iceandfire:fire_lily":1,"minecraft:sugar_cane":4,"minecraft:birch_log":1,"minecraft:stone_brick_stairs":4,"minecraft:grass":52,"minecraft:oak_log":37,"minecraft:sand":48,"minecraft:dirt":13,"minecraft:raw_copper_block":1,"minecraft:oak_leaves":105,"iceandfire:crackled_gravel":3,"minecraft:jungle_planks":17,"minecraft:cartography_table":1,"minecraft:kelp":150,"minecraft:large_fern":1,"minecraft:hay_block":14,"minecraft:vine":6,"minecraft:stone":14,"minecraft:white_wool":6,"minecraft:podzol":1,"minecraft:redstone_block":10,"minecraft:glass_pane":4,"minecraft:infested_stone_bricks":3,"minecraft:brown_carpet":1,"minecraft:stone_brick_slab":20,"minecraft:crafting_table":1,"minecraft:andesite_wall":1,"minecraft:tall_grass":15,"minecraft:copper_ore":16,"minecraft:diorite":2,"minecraft:coarse_dirt":2,"minecraft:birch_leaves":55,"minecraft:coal_ore":3,"minecraft:stone_bricks":70,"minecraft:fern":3},"minecraft:killed_by":{"iceandfire:siren":1,"minecraft:pillager":2,"minecraft:drowned":2,"pillagershunts:archer_pillager":1,"structuresadventures:chicken_warrior":14,"structuresadventures:chicken_wizard":1,"minecraft:zombie":3,"structuresadventures:toki_zombie":1,"alexsmobs:skelewag":2,"minecraft:player":3,"pillagershunts:assasin_pillager":5,"minecraft:skeleton":4},"minecraft:used":{"minecraft:moss_carpet":1,"cgm:machine_pistol":4,"minecraft:chest":6,"minecraft:shield":9,"minecraft:mutton":1,"pillagershunts:assasin_pillager_spawn_egg":2,"additionalguns:mammoth":5,"minecraft:jungle_planks":1707,"minecraft:jungle_sapling":2,"iceandfire:crackled_gravel":1,"minecraft:villager_spawn_egg":22,"iceandfire:ghost_chest":1,"minecraft:stone_brick_stairs":15,"minecraft:stone_bricks":1584,"minecraft:brown_carpet":1,"guardvillagers:guard_spawn_egg":25,"minecraft:cooked_cod":1,"minecraft:oak_sapling":4,"minecraft:furnace":1,"minecraft:skeleton_skull":1,"minecraft:egg":1,"iceandfire:armor_red_helmet":1,"minecraft:diorite":2,"minecraft:stone_pickaxe":39,"minecraft:wooden_pickaxe":2,"minecraft:sugar_cane":4,"toughasnails:water_canteen":94,"minecraft:oak_leaves":1,"nzgexpansion:heavy_revolver":412,"minecraft:blast_furnace":1,"nzgexpansion:heavy_assault_rifle":17,"minecraft:shears":119,"minecraft:string":1,"minecraft:bread":48,"minecraft:gravel":1,"additionalguns:ace_of_spades":2,"minecraft:oak_boat":6,"iceandfire:fire_lily":1,"minecraft:coarse_dirt":1,"minecraft:bone_meal":12,"minecraft:azalea":1,"minecraft:oak_fence":2,"additionalguns:m16a2":29,"minecraft:iron_bars":2,"toughasnails:leaf_helmet":3,"toughasnails:water_purifier":2,"minecraft:armor_stand":3,"minecraft:stone_shovel":39,"toughasnails:leaf_boots":2,"minecraft:torch":3,"minecraft:brewing_stand":1,"minecraft:dirt":38,"cgm:workbench":2,"toughasnails:empty_canteen":8,"minecraft:shroomlight":79,"minecraft:andesite_wall":1,"minecraft:stone_brick_slab":78,"minecraft:iron_axe":18,"iceandfire:crackled_dirt":3,"minecraft:jungle_log":46,"minecraft:beef":1,"minecraft:cooked_beef":2,"minecraft:water_bucket":1,"toughasnails:leaf_leggings":2,"cgm:pistol":3,"minecraft:cartography_table":1,"iceandfire:dragon_skull_lightning":3,"minecraft:stripped_dark_oak_log":29,"minecraft:crafting_table":5,"minecraft:white_bed":2,"minecraft:light_gray_concrete_powder":8,"minecraft:cod":2,"minecraft:infested_stone_bricks":64,"minecraft:smoker":1,"minecraft:oak_log":1,"alexsmobs:flying_fish":2,"minecraft:iron_pickaxe":234,"toughasnails:leaf_chestplate":2,"minecraft:stone_axe":190,"minecraft:cobblestone":17,"toughasnails:purified_water_canteen":22,"minecraft:bucket":2,"minecraft:glass_pane":96,"minecraft:pillager_spawn_egg":3,"minecraft:splash_potion":1,"nzgexpansion:bolt_action_rifle":288},"minecraft:picked_up":{"toughasnails:leaf_leggings":1,"minecraft:iron_chestplate":1,"minecraft:redstone_block":10,"minecraft:chainmail_boots":3,"minecraft:prismarine_shard":3,"minecraft:anvil":68,"minecraft:lead":2,"iceandfire:armor_copper_metal_chestplate":3,"minecraft:oak_stairs":1,"additionalguns:vintorez":3,"minecraft:stone_brick_stairs":5,"minecraft:brewing_stand":1,"additionalguns:awm":4,"iceandfire:armor_gray_leggings":2,"iceandfire:armor_silver_metal_chestplate":3,"iceandfire:manuscript":6,"minecraft:string":3,"cgm:machine_pistol":1,"minecraft:raw_copper":63,"minecraft:iron_leggings":1,"minecraft:armor_stand":3,"minecraft:shroomlight":64,"iceandfire:sea_serpent_scales_bronze":7,"alexsmobs:shield_of_the_deep":2,"minecraft:diamond_leggings":6,"minecraft:gold_nugget":77,"minecraft:azalea":1,"minecraft:wooden_shovel":1,"minecraft:enchanted_golden_apple":1,"cgm:advanced_bullet":199,"iceandfire:dragonscales_red":24,"minecraft:iron_boots":1,"iceandfire:pixie_dust":1,"minecraft:stick":15,"iceandfire:ghost_chest":1,"iceandfire:crackled_dirt":4,"iceandfire:armor_copper_metal_leggings":3,"minecraft:torch":25,"minecraft:porkchop":2,"iceandfire:lightning_dragon_flesh":3,"iceandfire:crackled_gravel":1,"minecraft:diorite":2,"structuresadventures:rotten_flesh_moosy_cobblestone":48,"minecraft:brown_carpet":1,"alexsmobs:roadrunner_boots":2,"minecraft:andesite_wall":1,"iceandfire:armor_silver_metal_boots":1,"additionalguns:magnum":2,"nzgexpansion:heavy_assault_rifle":1,"minecraft:rotten_flesh":30,"iceandfire:fire_dragon_heart":1,"minecraft:iron_block":1,"nzgexpansion:medium_bullet":144,"minecraft:iron_bars":2,"minecraft:cod":5,"alexsmobs:flying_fish":15,"minecraft:cobblestone":40,"minecraft:birch_log":1,"iceandfire:dragonscales_black":9,"minecraft:magma_block":4,"minecraft:leather_chestplate":1,"minecraft:feather":7,"minecraft:cooked_beef":2,"minecraft:jungle_log":123,"minecraft:smoker":1,"minecraft:dirt":194,"minecraft:bone":16,"iceandfire:armor_gray_boots":2,"minecraft:wheat_seeds":8,"iceandfire:armor_gray_chestplate":2,"minecraft:diamond_helmet":3,"minecraft:glowstone_dust":4,"savage_and_ravage:griefer_chestplate":1,"iceandfire:amphithere_feather":1,"iceandfire:dragon_skull_fire":1,"iceandfire:shiny_scales":6,"minecraft:sand":47,"minecraft:jungle_planks":16,"minecraft:ink_sac":4,"nzgexpansion:bolt_action_rifle":1,"iceandfire:lightning_dragon_heart":1,"cgm:pistol":4,"minecraft:light_gray_concrete":6,"minecraft:crossbow":3,"minecraft:bone_meal":1,"minecraft:emerald":57,"minecraft:oak_sapling":11,"additionalguns:ace_of_spades":1,"minecraft:oak_leaves":62,"iceandfire:dragon_skull_lightning":3,"endrem:magical_eye":1,"minecraft:cocoa_beans":9,"minecraft:coarse_dirt":1,"minecraft:crafting_table":1,"minecraft:chicken":17,"iceandfire:fire_lily":1,"additionalguns:over_under":2,"iceandfire:chain":3,"structuresadventures:basek_fat":7,"minecraft:shield":12,"iceandfire:armor_gray_helmet":2,"nzgexpansion:heavy_revolver":2,"minecraft:moss_carpet":2,"savage_and_ravage:mask_of_dishonesty":3,"additionalguns:usas12":1,"minecraft:cartography_table":1,"minecraft:beef":5,"iceandfire:armor_silver_metal_leggings":4,"minecraft:oak_boat":3,"minecraft:jungle_sapling":2,"minecraft:iron_nugget":7,"minecraft:sugar_cane":7,"cgm:bazooka":1,"minecraft:phantom_membrane":1,"minecraft:raw_copper_block":1,"minecraft:egg":4,"pillagershunts:totem":1,"minecraft:raw_iron":21,"iceandfire:dragonbone":18,"minecraft:copper_ingot":1,"iceandfire:armor_copper_metal_boots":3,"minecraft:carrot":2,"minecraft:prismarine_crystals":1,"toughasnails:empty_canteen":1,"minecraft:arrow":52,"minecraft:diamond_chestplate":5,"minecraft:diamond_boots":4,"minecraft:hay_block":14,"minecraft:totem_of_undying":4,"minecraft:saddle":5,"minecraft:gold_ingot":2,"firstaid:bandage":48,"minecraft:glow_berries":1,"minecraft:mutton":2,"minecraft:skeleton_skull":1,"minecraft:white_wool":7,"minecraft:birch_leaves":48,"iceandfire:sea_serpent_fang":16,"minecraft:leather":2,"structuresadventures:basekleg":1,"savage_and_ravage:creeper_spores":6,"alexsmobs:crocodile_chestplate":3,"minecraft:oak_log":52,"minecraft:chainmail_chestplate":2,"iceandfire:ectoplasm":2,"minecraft:gunpowder":23,"iceandfire:armor_copper_metal_helmet":3,"minecraft:white_banner":5,"cgm:grenade_launcher":2,"minecraft:apple":1,"minecraft:stone_bricks":499,"minecraft:kelp":157,"minecraft:iron_ingot":2,"minecraft:stone_pickaxe":1,"minecraft:iron_sword":2,"minecraft:stone_brick_slab":79,"nzgexpansion:hunting_rifle":2,"minecraft:gravel":1,"minecraft:blast_furnace":1,"additionalguns:mammoth":7,"minecraft:spider_eye":2,"minecraft:infested_stone_bricks":64,"minecraft:stone_axe":1,"minecraft:chainmail_leggings":4,"minecraft:iron_helmet":3,"savage_and_ravage:cleaver_of_beheading":1,"additionalguns:m16a2":1,"minecraft:coal":14,"minecraft:hopper":16},"minecraft:broken":{"toughasnails:leaf_boots":3,"toughasnails:leaf_chestplate":2,"minecraft:stone_axe":1,"toughasnails:water_canteen":5,"toughasnails:purified_water_canteen":2,"toughasnails:leaf_helmet":3},"minecraft:killed":{"guardvillagers:guard":6,"minecraft:witch":7,"alexsmobs:anaconda":1,"minecraft:spider":12,"minecraft:skeleton":33,"structuresadventures:basek":1,"savage_and_ravage:griefer":3,"alexsmobs:leafcutter_ant":5,"pillagershunts:assasin_pillager":3,"minecraft:silverfish":5,"savage_and_ravage:creepie":6,"minecraft:pig":1,"minecraft:zombie_villager":1,"structuresadventures:chicken_wizard":4,"structuresadventures:toki_zombie":1,"savage_and_ravage:executioner":2,"minecraft:creeper":17,"minecraft:sheep":1,"minecraft:trader_llama":2,"minecraft:pillager":13,"minecraft:zombie":42,"iceandfire:pixie":1,"pillagershunts:pillager_hunter":6,"pillagershunts:archer_pillager":9,"iceandfire:sea_serpent":3,"minecraft:vex":1,"structuresadventures:chicken_tnt":4,"minecraft:vindicator":4,"minecraft:phantom":4,"alexsmobs:gorilla":2,"iceandfire:fire_dragon":1,"iceandfire:siren":1,"minecraft:drowned":5,"alexsmobs:flying_fish":9,"savage_and_ravage:trickster":2,"minecraft:wandering_trader":1,"minecraft:ravager":1,"alexsmobs:crocodile":2,"structuresadventures:chicken_warrior":47,"campsite_structures:camper":9,"minecraft:villager":2},"minecraft:dropped":{"minecraft:iron_sword":11,"iceandfire:armor_gray_boots":1,"minecraft:diamond":4,"minecraft:crossbow":29,"minecraft:glow_berries":1,"minecraft:emerald":44,"minecraft:dirt":4,"savage_and_ravage:creeper_spores":5,"iceandfire:armor_silver_metal_leggings":1,"alexsmobs:flying_fish":5,"minecraft:wooden_sword":1,"minecraft:phantom_membrane":1,"minecraft:sand":9,"iceandfire:armor_gray_helmet":1,"minecraft:bone":6,"cgm:pistol":1,"minecraft:iron_nugget":5,"savage_and_ravage:griefer_chestplate":1,"minecraft:rotten_flesh":23,"minecraft:glowstone_dust":2,"iceandfire:armor_gray_leggings":1,"minecraft:leather_chestplate":2,"minecraft:gunpowder":7,"structuresadventures:basekleg":1,"iceandfire:pixie_dust":1,"minecraft:chest":1,"minecraft:leather_leggings":1,"minecraft:arrow":4,"minecraft:beef":1,"minecraft:glass":3,"minecraft:bread":1,"minecraft:wheat_seeds":5,"minecraft:diamond_leggings":3,"minecraft:prismarine_shard":3,"minecraft:feather":5,"minecraft:chainmail_helmet":1,"minecraft:stick":13,"minecraft:golden_carrot":7,"iceandfire:crackled_dirt":1,"minecraft:ink_sac":4,"minecraft:diamond_helmet":1,"minecraft:oak_stairs":1,"toughasnails:leaf_helmet":1,"toughasnails:purified_water_canteen":1,"minecraft:white_banner":7,"toughasnails:leaf_leggings":5,"minecraft:string":2,"minecraft:stone_brick_slab":1,"iceandfire:armor_red_chestplate":1,"structuresadventures:rotten_flesh_moosy_cobblestone":48,"minecraft:moss_carpet":1,"cgm:advanced_bullet":96,"minecraft:kelp":104,"iceandfire:armor_black_boots":1,"minecraft:cocoa_beans":9,"minecraft:raw_iron":2,"minecraft:chicken":2,"cgm:grenade_launcher":1,"minecraft:filled_map":2,"minecraft:shield":5,"iceandfire:armor_gray_chestplate":1,"additionalguns:vintorez":1,"minecraft:golden_leggings":1,"minecraft:oak_boat":1,"minecraft:spider_eye":2,"minecraft:diamond_boots":3,"minecraft:wooden_pickaxe":1},"minecraft:crafted":{"minecraft:light_gray_concrete_powder":8,"minecraft:oak_planks":112,"toughasnails:leaf_leggings":4,"minecraft:glass":18,"minecraft:iron_boots":1,"minecraft:chest":4,"toughasnails:leaf_helmet":5,"toughasnails:leaf_boots":3,"minecraft:crafting_table":4,"minecraft:wooden_pickaxe":1,"minecraft:iron_helmet":1,"iceandfire:armor_red_chestplate":2,"minecraft:birch_planks":4,"minecraft:stone_brick_stairs":28,"minecraft:iron_chestplate":1,"minecraft:charcoal":14,"toughasnails:water_purifier":2,"minecraft:shield":1,"minecraft:stick":20,"minecraft:iron_ingot":9,"minecraft:iron_pickaxe":1,"minecraft:light_gray_dye":3,"minecraft:shears":1,"minecraft:stone_shovel":1,"iceandfire:dragon_stick":1,"minecraft:furnace":1,"minecraft:bone_meal":12,"minecraft:glass_pane":96,"cgm:workbench":2,"minecraft:wheat":126,"minecraft:cooked_cod":1,"toughasnails:leaf_chestplate":4,"iceandfire:armor_black_boots":2,"minecraft:stone_axe":2,"minecraft:bread":42,"minecraft:air":0,"minecraft:jungle_planks":1810,"iceandfire:armor_red_helmet":1,"minecraft:oak_boat":4,"minecraft:iron_leggings":1,"minecraft:white_bed":2}},"DataVersion":2975}