{"stats":{"minecraft:dropped":{"sophisticatedbackpacks:iron_backpack":1,"minecraft:iron_sword":12,"iceandfire:armor_gray_boots":1,"minecraft:diamond":4,"minecraft:crossbow":29,"minecraft:glow_berries":1,"minecraft:red_carpet":8,"minecraft:emerald":48,"minecraft:dirt":38,"minecraft:birch_fence":2,"savage_and_ravage:creeper_spores":11,"iceandfire:dragon_horn":1,"alexsmobs:flying_fish":6,"minecraft:wooden_sword":1,"minecraft:phantom_membrane":1,"minecraft:sand":9,"minecraft:iron_pickaxe":3,"minecraft:white_wool":2,"minecraft:bone":6,"minecraft:dark_oak_door":1,"cgm:pistol":1,"minecraft:iron_nugget":6,"savage_and_ravage:griefer_chestplate":1,"minecraft:rotten_flesh":29,"minecraft:oak_planks":3,"minecraft:glowstone_dust":2,"iceandfire:copper_ore":2,"iceandfire:armor_gray_leggings":1,"iceandfire:crackled_cobblestone":24,"iceandfire:bestiary":1,"minecraft:leather_leggings":1,"minecraft:glass":3,"minecraft:beef":1,"minecraft:enchanted_book":3,"minecraft:wheat_seeds":9,"savage_and_ravage:cleaver_of_beheading":1,"minecraft:feather":5,"minecraft:cobblestone":29,"iceandfire:dragon_stick":1,"alexsmobs:rattlesnake_rattle":1,"minecraft:chainmail_helmet":1,"minecraft:golden_apple":1,"minecraft:golden_carrot":7,"minecraft:ink_sac":4,"minecraft:diamond_helmet":2,"minecraft:oak_stairs":1,"minecraft:white_banner":10,"toughasnails:leaf_leggings":8,"minecraft:string":2,"minecraft:stone_brick_slab":1,"structuresadventures:rotten_flesh_moosy_cobblestone":48,"cgm:advanced_bullet":96,"minecraft:moss_carpet":1,"nzgexpansion:medium_bullet":10,"iceandfire:armor_black_boots":1,"minecraft:cocoa_beans":9,"minecraft:chicken":2,"sophisticatedbackpacks:backpack":1,"pillagershunts:assasin_sword":2,"minecraft:spider_eye":5,"minecraft:bamboo":2,"iceandfire:crackled_stone":7,"additionalguns:angled_grip":1,"minecraft:jungle_planks":1,"minecraft:red_wool":4,"minecraft:cod":1,"iceandfire:armor_silver_metal_leggings":1,"iceandfire:armor_gray_helmet":1,"minecraft:leather_chestplate":2,"minecraft:gunpowder":9,"structuresadventures:basekleg":1,"minecraft:chest":1,"iceandfire:pixie_dust":1,"minecraft:arrow":7,"minecraft:oak_leaves":30,"minecraft:bread":1,"minecraft:diamond_leggings":4,"minecraft:prismarine_shard":3,"iceandfire:dragonegg_electric":2,"minecraft:stick":14,"iceandfire:crackled_dirt":1,"toughasnails:leaf_boots":2,"minecraft:iron_leggings":1,"toughasnails:leaf_helmet":3,"toughasnails:purified_water_canteen":1,"minecraft:polished_andesite_stairs":2,"minecraft:iron_axe":1,"iceandfire:armor_red_chestplate":1,"minecraft:kelp":110,"toughasnails:leaf_chestplate":1,"minecraft:coarse_dirt":1,"iceandfire:lightning_dragon_heart":1,"firstaid:morphine":1,"minecraft:raw_iron":2,"minecraft:light_gray_wool":1,"cgm:grenade_launcher":1,"additionalguns:tactical_silencer":1,"minecraft:filled_map":2,"minecraft:shield":7,"iceandfire:armor_gray_chestplate":1,"minecraft:diamond_chestplate":1,"additionalguns:mammoth":1,"additionalguns:vintorez":1,"minecraft:andesite":6,"minecraft:golden_leggings":1,"minecraft:oak_boat":1,"minecraft:diamond_boots":3,"minecraft:wooden_pickaxe":1,"nzgexpansion:automatic_sniper_rifle":1,"nzgexpansion:machine_gun":1},"minecraft:crafted":{"minecraft:light_gray_concrete_powder":8,"minecraft:glass":18,"iceandfire:armor_red_chestplate":2,"iceandfire:copper_hoe":1,"minecraft:stone_brick_stairs":28,"minecraft:iron_pickaxe":1,"minecraft:iron_block":9,"minecraft:gold_ingot":57,"minecraft:light_gray_dye":3,"iceandfire:dragon_horn":1,"minecraft:stone_shovel":1,"minecraft:diamond_hoe":1,"minecraft:bone_meal":12,"minecraft:dark_oak_planks":24,"minecraft:wheat":621,"iceandfire:armor_black_boots":2,"iceandfire:armor_red_helmet":1,"minecraft:acacia_sign":15,"minecraft:iron_leggings":1,"minecraft:white_bed":2,"iceandfire:copper_block":7,"minecraft:oak_planks":120,"minecraft:cooked_chicken":15,"toughasnails:leaf_leggings":10,"minecraft:dark_oak_door":3,"minecraft:iron_boots":1,"minecraft:chest":6,"toughasnails:leaf_helmet":10,"toughasnails:leaf_boots":9,"sophisticatedbackpacks:backpack":2,"minecraft:crafting_table":12,"iceandfire:blindfold":1,"minecraft:wooden_pickaxe":1,"minecraft:baked_potato":46,"minecraft:iron_helmet":1,"minecraft:gold_block":25,"minecraft:birch_planks":12,"minecraft:iron_chestplate":1,"minecraft:charcoal":14,"toughasnails:water_purifier":2,"minecraft:shield":1,"minecraft:stick":36,"minecraft:iron_ingot":10,"minecraft:shears":2,"iceandfire:dragon_stick":3,"minecraft:furnace":1,"minecraft:glass_pane":96,"nzgexpansion:hunting_shotgun":1,"cgm:workbench":2,"minecraft:cooked_cod":1,"iceandfire:copper_ingot":63,"toughasnails:leaf_chestplate":9,"minecraft:golden_shovel":1,"minecraft:bucket":1,"minecraft:stone_axe":2,"minecraft:air":0,"minecraft:bread":79,"minecraft:jungle_planks":1814,"minecraft:oak_boat":4,"firstaid:bandage":9,"minecraft:acacia_planks":32},"minecraft:used":{"iceandfire:lectern":1,"cgm:machine_pistol":4,"minecraft:ladder":35,"minecraft:chest":82,"another_furniture:dark_oak_table":4,"minecraft:farmland":3,"nzgexpansion:hunting_shotgun":289,"pillagershunts:assasin_pillager_spawn_egg":2,"another_furniture:warped_shutter":1,"additionalguns:mammoth":8,"minecraft:jungle_slab":90,"minecraft:deepslate_brick_slab":413,"minecraft:acacia_sapling":4,"structuresadventures:chest":2,"minecraft:jungle_sapling":2,"smallships:jungle_drakkar":1,"iceandfire:crackled_gravel":1,"minecraft:villager_spawn_egg":50,"minecraft:jungle_fence_gate":13,"minecraft:grass_block":483,"nzgexpansion:machine_gun":936,"iceandfire:ghost_chest":1,"minecraft:diorite_wall":2,"minecraft:stone_brick_stairs":32,"nzgexpansion:automatic_sniper_rifle":13,"minecraft:bow":2,"minecraft:furnace":1,"guardvillagers:guard_spawn_egg":29,"minecraft:oak_sapling":6,"minecraft:cooked_cod":1,"minecraft:egg":286,"minecraft:potato":57,"minecraft:diorite":3,"minecraft:wooden_pickaxe":2,"minecraft:jungle_boat":3,"minecraft:oak_leaves":2,"smallships:oak_cog":1,"minecraft:golden_apple":1,"minecraft:dark_oak_trapdoor":1,"nzgexpansion:heavy_revolver":484,"minecraft:blast_furnace":5,"nzgexpansion:heavy_assault_rifle":17,"minecraft:deepslate_brick_stairs":233,"another_furniture:dark_oak_drawer":3,"minecraft:stone_button":3,"minecraft:lectern":29,"minecraft:smithing_table":2,"another_furniture:red_tall_stool":1,"minecraft:oak_boat":7,"iceandfire:fire_lily":1,"additionalguns:m16a2":29,"minecraft:iron_bars":59,"minecraft:enchanting_table":1,"toughasnails:leaf_helmet":3,"toughasnails:water_purifier":6,"minecraft:armor_stand":42,"another_furniture:black_tall_stool":1,"another_furniture:dark_oak_planter_box":6,"another_furniture:dark_oak_chair":5,"toughasnails:leaf_boots":3,"minecraft:torch":27,"minecraft:brewing_stand":2,"minecraft:anvil":2,"smallships:jungle_galley":1,"minecraft:golden_shovel":16,"minecraft:polished_diorite":718,"minecraft:shroomlight":510,"minecraft:iron_axe":169,"minecraft:jungle_log":72,"minecraft:barrel":102,"minecraft:bamboo":3,"minecraft:glowstone":51,"minecraft:beef":4,"minecraft:wheat_seeds":36,"minecraft:water_bucket":3,"cgm:pistol":3,"minecraft:cartography_table":4,"iceandfire:crackled_stone":1,"minecraft:fletching_table":3,"iceandfire:dragon_skull_lightning":4,"minecraft:deepslate_bricks":192,"minecraft:cracked_stone_bricks":13,"minecraft:mossy_cobblestone":1,"minecraft:crafting_table":15,"minecraft:red_bed":7,"minecraft:white_bed":2,"minecraft:cod":4,"minecraft:oak_log":1,"alexsmobs:flying_fish":3,"minecraft:diamond_pickaxe":124,"smallships:acacia_cog":1,"minecraft:acacia_sign":27,"additionalguns:m1911":160,"minecraft:iron_pickaxe":423,"toughasnails:leaf_chestplate":2,"minecraft:chiseled_stone_bricks":3,"minecraft:cobblestone":23,"minecraft:cooked_porkchop":1,"toughasnails:purified_water_canteen":52,"minecraft:glass_pane":400,"minecraft:moss_carpet":8,"minecraft:bone_block":2,"minecraft:diamond_hoe":1,"additionalguns:awm":222,"minecraft:shield":30,"minecraft:iron_sword":71,"another_furniture:red_curtain":46,"smallships:acacia_brigg":1,"minecraft:mutton":2,"minecraft:jungle_planks":2629,"minecraft:carrot":60,"minecraft:obsidian":10,"minecraft:glass":633,"minecraft:stone_bricks":4371,"minecraft:item_frame":47,"minecraft:red_carpet":8,"minecraft:brown_carpet":2,"another_furniture:red_stool":1,"minecraft:hay_block":2,"minecraft:skeleton_skull":1,"another_furniture:jungle_shelf":13,"iceandfire:armor_red_helmet":2,"minecraft:birch_leaves":1,"minecraft:stone_pickaxe":39,"minecraft:jungle_fence":258,"minecraft:sugar_cane":4,"iceandfire:armor_red_chestplate":1,"toughasnails:water_canteen":186,"minecraft:loom":1,"minecraft:sponge":214,"minecraft:shears":288,"sophisticatedbackpacks:backpack":1,"minecraft:acacia_door":4,"minecraft:dark_oak_log":17,"minecraft:bread":103,"minecraft:string":1,"iceandfire:armor_black_boots":1,"minecraft:gravel":1,"iceandfire:copper_hoe":175,"additionalguns:ace_of_spades":2,"minecraft:grindstone":2,"minecraft:coarse_dirt":1,"minecraft:bone_meal":12,"minecraft:oak_fence":2,"minecraft:azalea":1,"minecraft:stone_shovel":39,"minecraft:spruce_planks":562,"another_furniture:black_lamp":1,"minecraft:dirt":71,"cgm:workbench":4,"minecraft:hopper":30,"toughasnails:empty_canteen":22,"nzgexpansion:bullpup_rifle":8,"minecraft:andesite_wall":1,"minecraft:stone_brick_slab":80,"minecraft:bookshelf":21,"another_furniture:dark_oak_shutter":6,"iceandfire:crackled_dirt":3,"minecraft:acacia_slab":1,"minecraft:cooked_beef":2,"minecraft:enchanted_golden_apple":1,"toughasnails:leaf_leggings":2,"minecraft:polished_andesite":3,"minecraft:stonecutter":1,"minecraft:stripped_dark_oak_log":147,"minecraft:light_gray_concrete_powder":8,"minecraft:infested_stone_bricks":64,"minecraft:smoker":2,"minecraft:dark_oak_door":5,"another_furniture:red_lamp":3,"iceandfire:ash":5,"minecraft:stone_axe":190,"minecraft:white_banner":9,"minecraft:jungle_door":1,"minecraft:bucket":4,"minecraft:pillager_spawn_egg":52,"minecraft:splash_potion":1,"nzgexpansion:bolt_action_rifle":322},"minecraft:picked_up":{"minecraft:iron_chestplate":1,"minecraft:chainmail_boots":3,"iceandfire:copper_ore":8,"minecraft:anvil":115,"minecraft:prismarine_shard":3,"minecraft:lead":4,"minecraft:oak_stairs":1,"minecraft:enchanted_book":3,"minecraft:brewing_stand":1,"iceandfire:manuscript":16,"minecraft:string":67,"cgm:machine_pistol":1,"minecraft:shroomlight":65,"minecraft:diamond_leggings":7,"minecraft:gold_nugget":601,"toughasnails:leaf_boots":1,"minecraft:acacia_sign":6,"minecraft:enchanted_golden_apple":2,"cgm:advanced_bullet":199,"minecraft:dark_oak_door":1,"minecraft:acacia_log":8,"iceandfire:lightning_dragon_flesh":6,"minecraft:brown_carpet":2,"iceandfire:lightning_lily":1,"iceandfire:armor_silver_metal_boots":1,"additionalguns:magnum":2,"iceandfire:fire_dragon_heart":2,"minecraft:iron_block":1,"endrem:rogue_eye":1,"minecraft:iron_bars":2,"alexsmobs:flying_fish":17,"alexsmobs:lobster_tail":3,"minecraft:birch_log":3,"iceandfire:dragonscales_black":9,"minecraft:magma_block":4,"minecraft:feather":12,"minecraft:cooked_beef":2,"minecraft:jungle_log":123,"minecraft:smoker":1,"alexsmobs:bison_fur":2,"iceandfire:armor_gray_boots":2,"iceandfire:armor_gray_chestplate":2,"minecraft:diamond_helmet":4,"minecraft:glowstone_dust":4,"iceandfire:dragon_skull_fire":2,"iceandfire:shiny_scales":6,"sophisticatedbackpacks:iron_backpack":1,"minecraft:ink_sac":5,"nzgexpansion:bolt_action_rifle":5,"iceandfire:lightning_dragon_heart":2,"additionalguns:tactical_silencer":1,"minecraft:dark_oak_log":3,"cgm:pistol":4,"minecraft:polished_andesite":3,"iceandfire:lectern":1,"iceandfire:crackled_stone":18,"minecraft:chainmail_helmet":1,"minecraft:bread":1,"iceandfire:gorgon_head":1,"alexsmobs:maggot":2,"structuresadventures:basek_eye":1,"additionalguns:ace_of_spades":1,"iceandfire:dragon_skull_lightning":6,"minecraft:crafting_table":2,"minecraft:coarse_dirt":2,"structuresadventures:basek_fat":13,"iceandfire:armor_gray_helmet":2,"minecraft:red_bed":1,"iceandfire:graveyard_soil":8,"additionalguns:usas12":1,"minecraft:cartography_table":1,"minecraft:beef":56,"iceandfire:armor_silver_metal_leggings":4,"minecraft:jungle_sapling":2,"minecraft:iron_nugget":13,"cgm:bazooka":1,"minecraft:raw_copper_block":1,"minecraft:egg":6,"iceandfire:armor_copper_metal_boots":3,"minecraft:carrot":63,"minecraft:prismarine_crystals":1,"iceandfire:dragonegg_electric":1,"minecraft:diamond_chestplate":7,"minecraft:diamond_boots":4,"minecraft:hay_block":71,"minecraft:gold_ingot":2,"minecraft:totem_of_undying":8,"firstaid:bandage":58,"minecraft:glow_berries":1,"minecraft:mutton":4,"minecraft:bone_block":23,"minecraft:white_wool":36,"minecraft:birch_leaves":86,"iceandfire:sea_serpent_fang":16,"alexsmobs:acacia_blossom":1,"alexsmobs:crocodile_chestplate":3,"minecraft:oak_log":54,"iceandfire:armor_copper_metal_helmet":3,"minecraft:white_banner":16,"cgm:grenade_launcher":2,"minecraft:apple":1,"minecraft:stone_bricks":508,"minecraft:kelp":285,"minecraft:stone_pickaxe":1,"minecraft:iron_sword":3,"toughasnails:leaf_chestplate":1,"minecraft:polished_andesite_stairs":2,"iceandfire:copper_nugget":570,"nzgexpansion:hunting_rifle":2,"minecraft:red_wool":17,"minecraft:gravel":1,"iceandfire:dragonscales_copper":152,"minecraft:infested_stone_bricks":64,"minecraft:stone_axe":1,"savage_and_ravage:cleaver_of_beheading":5,"additionalguns:m16a2":1,"minecraft:hopper":35,"toughasnails:leaf_leggings":3,"minecraft:wheat":12,"minecraft:redstone_block":10,"additionalguns:m1911":3,"iceandfire:armor_copper_metal_chestplate":3,"additionalguns:vintorez":3,"minecraft:stone_brick_stairs":6,"additionalguns:awm":7,"iceandfire:armor_gray_leggings":2,"iceandfire:armor_silver_metal_chestplate":3,"nzgexpansion:hunting_shotgun":2,"minecraft:raw_copper":125,"alexsmobs:ancient_dart":1,"minecraft:iron_leggings":1,"minecraft:armor_stand":4,"iceandfire:sea_serpent_scales_bronze":7,"alexsmobs:shield_of_the_deep":2,"minecraft:azalea":1,"minecraft:wooden_shovel":1,"minecraft:iron_pickaxe":1,"iceandfire:dragonscales_red":24,"minecraft:iron_boots":1,"iceandfire:pixie_dust":1,"minecraft:stick":18,"iceandfire:ghost_chest":1,"iceandfire:crackled_dirt":4,"iceandfire:armor_copper_metal_leggings":3,"minecraft:torch":27,"minecraft:porkchop":2,"iceandfire:crackled_gravel":3,"minecraft:diorite":3,"structuresadventures:rotten_flesh_moosy_cobblestone":48,"alexsmobs:roadrunner_boots":2,"minecraft:andesite_wall":1,"minecraft:rotten_flesh":38,"nzgexpansion:heavy_assault_rifle":1,"nzgexpansion:medium_bullet":144,"minecraft:obsidian":2,"minecraft:cod":8,"minecraft:cobblestone":81,"minecraft:leather_chestplate":1,"minecraft:andesite":15,"minecraft:golden_leggings":1,"minecraft:potato":88,"toughasnails:leaf_helmet":1,"minecraft:dirt":285,"iceandfire:dragonscales_bronze":2,"minecraft:bone":23,"minecraft:wheat_seeds":48,"minecraft:raw_gold":1,"minecraft:bamboo":2,"minecraft:oak_planks":29,"savage_and_ravage:griefer_chestplate":1,"minecraft:stone_hoe":1,"iceandfire:amphithere_feather":1,"minecraft:sand":48,"minecraft:jungle_planks":22,"minecraft:mossy_cobblestone":1,"minecraft:light_gray_concrete":6,"minecraft:sugar":1,"minecraft:diamond":2,"alexsmobs:rattlesnake_rattle":1,"minecraft:crossbow":4,"minecraft:bone_meal":1,"minecraft:emerald":136,"minecraft:oak_sapling":13,"iceandfire:silver_nugget":10,"minecraft:oak_leaves":188,"minecraft:cocoa_beans":9,"endrem:magical_eye":1,"minecraft:charcoal":10,"minecraft:chicken":21,"pillagershunts:assasin_sword":2,"iceandfire:fire_lily":2,"additionalguns:over_under":2,"iceandfire:chain":3,"minecraft:gold_block":2,"minecraft:shield":15,"nzgexpansion:machine_gun":5,"nzgexpansion:heavy_revolver":5,"minecraft:moss_carpet":9,"savage_and_ravage:mask_of_dishonesty":3,"minecraft:item_frame":8,"minecraft:birch_fence":2,"iceandfire:amythest_gem":16,"nzgexpansion:automatic_sniper_rifle":2,"additionalguns:angled_grip":1,"minecraft:oak_boat":3,"additionalguns:usp":1,"minecraft:light_gray_wool":1,"minecraft:sugar_cane":7,"minecraft:phantom_membrane":3,"pillagershunts:totem":3,"minecraft:raw_iron":23,"iceandfire:dragonbone":112,"minecraft:copper_ingot":1,"minecraft:stone_button":3,"toughasnails:empty_canteen":2,"minecraft:arrow":109,"minecraft:saddle":8,"minecraft:skeleton_skull":1,"minecraft:jungle_boat":2,"minecraft:salmon":3,"minecraft:leather":14,"structuresadventures:basekleg":1,"savage_and_ravage:creeper_spores":29,"minecraft:chainmail_chestplate":2,"iceandfire:ectoplasm":2,"minecraft:gunpowder":46,"minecraft:red_carpet":15,"minecraft:iron_ingot":3,"iceandfire:fire_dragon_flesh":8,"minecraft:acacia_sapling":4,"iceandfire:crackled_cobblestone":25,"minecraft:chiseled_stone_bricks":3,"minecraft:stone_brick_slab":79,"iceandfire:ash":5,"minecraft:blast_furnace":1,"additionalguns:mammoth":8,"minecraft:spider_eye":11,"minecraft:chainmail_leggings":5,"minecraft:iron_helmet":3,"minecraft:dark_oak_wood":5,"minecraft:coal":47,"iceandfire:chared_gravel":1},"minecraft:killed_by":{"iceandfire:siren":2,"minecraft:pillager":10,"pillagershunts:archer_pillager":1,"structuresadventures:chicken_warrior":14,"structuresadventures:chicken_wizard":1,"minecraft:zombie":3,"structuresadventures:toki_zombie":1,"alexsmobs:skelewag":2,"savage_and_ravage:executioner":1,"minecraft:creeper":1,"minecraft:drowned":2,"iceandfire:sea_serpent":3,"iceandfire:fire_dragon":5,"minecraft:player":4,"iceandfire:deathworm":2,"pillagershunts:assasin_pillager":5,"pillagershunts:pillager_hunter":1,"minecraft:skeleton":7,"iceandfire:lightning_dragon":1,"guardvillagers:guard":1},"minecraft:broken":{"toughasnails:leaf_chestplate":8,"toughasnails:water_canteen":12,"toughasnails:purified_water_canteen":7,"toughasnails:leaf_helmet":8,"toughasnails:leaf_boots":7,"minecraft:stone_axe":1,"toughasnails:leaf_leggings":6},"minecraft:mined":{"iceandfire:copper_pile":68,"minecraft:jungle_leaves":15,"minecraft:obsidian":2,"minecraft:acacia_log":8,"minecraft:jungle_log":101,"minecraft:hopper":35,"minecraft:chiseled_stone_bricks":3,"minecraft:magma_block":4,"minecraft:fire":6,"minecraft:moss_carpet":7,"iceandfire:gold_pile":33,"minecraft:light_gray_concrete":6,"minecraft:iron_block":1,"minecraft:kelp_plant":12,"minecraft:smoker":1,"minecraft:torch":1,"minecraft:dark_oak_wood":5,"minecraft:blast_furnace":1,"minecraft:polished_andesite_stairs":1,"minecraft:sugar_cane":4,"iceandfire:crackled_stone":18,"minecraft:wheat":13,"minecraft:stone_brick_stairs":5,"minecraft:grass":90,"minecraft:infested_mossy_stone_bricks":1,"minecraft:mossy_cobblestone":1,"minecraft:dark_oak_log":3,"minecraft:jungle_planks":17,"minecraft:cartography_table":1,"minecraft:kelp":150,"minecraft:andesite":5,"minecraft:potatoes":26,"structuresadventures:rotten_flesh_cobblestone":3,"minecraft:vine":16,"minecraft:bone_block":23,"minecraft:white_wool":7,"minecraft:redstone_block":10,"minecraft:glass_pane":6,"minecraft:brown_carpet":2,"minecraft:stone_brick_slab":20,"minecraft:emerald_ore":2,"minecraft:tall_grass":17,"minecraft:copper_ore":34,"minecraft:diorite":2,"minecraft:coarse_dirt":4,"minecraft:birch_leaves":99,"iceandfire:silver_pile":3,"minecraft:cobweb":37,"minecraft:stone_bricks":75,"minecraft:gold_ore":1,"minecraft:fern":3,"iceandfire:graveyard_soil":15,"minecraft:brewing_stand":1,"minecraft:grass_block":31,"iceandfire:lectern":1,"minecraft:polished_diorite":2,"iceandfire:crackled_cobblestone":5,"minecraft:iron_ore":20,"minecraft:anvil":118,"iceandfire:crackled_dirt":6,"structuresadventures:rotten_flesh_moosy_cobblestone":1,"minecraft:iron_bars":2,"iceandfire:ghost_chest":1,"iceandfire:fire_lily":2,"minecraft:oak_planks":29,"minecraft:wall_torch":2,"minecraft:birch_log":3,"minecraft:oak_log":39,"minecraft:sand":53,"minecraft:dirt":25,"minecraft:infested_cracked_stone_bricks":1,"minecraft:raw_copper_block":1,"minecraft:oak_leaves":237,"iceandfire:lightning_lily":1,"minecraft:diamond_ore":2,"minecraft:red_carpet":1,"iceandfire:crackled_gravel":3,"minecraft:large_fern":2,"minecraft:hay_block":72,"minecraft:carrots":20,"iceandfire:copper_ore":6,"minecraft:gold_block":2,"minecraft:stone":38,"minecraft:podzol":1,"minecraft:acacia_leaves":1,"minecraft:red_wool":2,"minecraft:infested_stone_bricks":3,"minecraft:crafting_table":1,"minecraft:andesite_wall":1,"iceandfire:amythest_ore":16,"minecraft:coal_ore":36,"minecraft:polished_andesite":3,"minecraft:acacia_wall_sign":6,"minecraft:birch_fence":6},"minecraft:custom":{"minecraft:interact_with_crafting_table":81,"minecraft:open_barrel":148,"minecraft:leave_game":47,"minecraft:time_since_death":133906,"minecraft:damage_blocked_by_shield":1140,"minecraft:play_time":1606843,"minecraft:deaths":72,"minecraft:jump":15405,"minecraft:interact_with_furnace":20,"minecraft:sleep_in_bed":30,"minecraft:damage_dealt":5590,"minecraft:interact_with_smoker":15,"minecraft:inspect_dispenser":1,"minecraft:interact_with_smithing_table":1,"minecraft:interact_with_anvil":4,"minecraft:inspect_hopper":1,"minecraft:damage_dealt_absorbed":200,"minecraft:sneak_time":58702,"minecraft:interact_with_blast_furnace":4,"minecraft:total_world_time":1606843,"minecraft:time_since_rest":33171,"minecraft:swim_one_cm":333738,"minecraft:fly_one_cm":5623433,"minecraft:open_chest":384,"minecraft:fall_one_cm":279763,"minecraft:animals_bred":18,"minecraft:damage_resisted":16,"minecraft:sprint_one_cm":3624359,"minecraft:drop":294,"minecraft:talked_to_villager":60,"minecraft:interact_with_brewingstand":1,"minecraft:walk_on_water_one_cm":480621,"minecraft:crouch_one_cm":168938,"minecraft:mob_kills":765,"minecraft:interact_with_campfire":5,"minecraft:damage_dealt_resisted":363,"minecraft:climb_one_cm":47079,"minecraft:walk_one_cm":3564978,"minecraft:raid_win":9,"minecraft:walk_under_water_one_cm":943235,"minecraft:boat_one_cm":3464227,"minecraft:raid_trigger":4,"minecraft:damage_taken":17321,"minecraft:trigger_trapped_chest":2},"minecraft:killed":{"guardvillagers:guard":10,"alexsmobs:lobster":7,"iceandfire:gorgon":1,"minecraft:cod":6,"minecraft:skeleton":66,"structuresadventures:basek":2,"alexsmobs:leafcutter_ant":6,"minecraft:chicken":4,"savage_and_ravage:creepie":60,"structuresadventures:chicken_wizard":4,"minecraft:salmon":5,"structuresadventures:magnen_chicken":1,"minecraft:pillager":98,"minecraft:zombie":83,"iceandfire:lightning_dragon":1,"pillagershunts:pillager_hunter":20,"iceandfire:sea_serpent":4,"minecraft:cow":1,"minecraft:evoker":3,"minecraft:vindicator":16,"alexsmobs:seagull":2,"alexsmobs:gorilla":3,"iceandfire:siren":1,"minecraft:husk":3,"savage_and_ravage:trickster":4,"pillagershunts:the_old_one":2,"minecraft:wandering_trader":2,"minecraft:ravager":5,"alexsmobs:catfish":1,"alexsmobs:crocodile":3,"structuresadventures:chicken_warrior":56,"minecraft:witch":19,"alexsmobs:anaconda":1,"minecraft:spider":35,"savage_and_ravage:griefer":15,"pillagershunts:assasin_pillager":18,"minecraft:silverfish":6,"minecraft:illusioner":1,"structuresadventures:toki_zombie_3":2,"minecraft:pig":1,"alexsmobs:anteater":1,"minecraft:zombie_villager":1,"structuresadventures:toki_zombie":3,"savage_and_ravage:executioner":5,"structuresadventures:toki_zombie_2":2,"minecraft:creeper":42,"minecraft:sheep":4,"minecraft:trader_llama":2,"alexsmobs:fly":2,"iceandfire:pixie":1,"pillagershunts:archer_pillager":24,"savage_and_ravage:skeleton_villager":1,"structuresadventures:chicken_tnt":7,"minecraft:vex":8,"minecraft:phantom":6,"iceandfire:fire_dragon":2,"alexsmobs:bison":4,"minecraft:drowned":8,"iceandfire:deathworm":1,"alexsmobs:flying_fish":11,"campsite_structures:camper":18,"minecraft:villager":13,"structuresadventures:toki_zombie_5":1}},"DataVersion":2975}