{"stats":{"minecraft:dropped":{"minecraft:iron_sword":11,"iceandfire:armor_gray_boots":1,"minecraft:diamond":4,"minecraft:crossbow":29,"minecraft:glow_berries":1,"minecraft:cod":1,"minecraft:emerald":44,"minecraft:dirt":4,"savage_and_ravage:creeper_spores":5,"iceandfire:armor_silver_metal_leggings":1,"alexsmobs:flying_fish":5,"minecraft:wooden_sword":1,"minecraft:phantom_membrane":1,"minecraft:sand":9,"minecraft:iron_pickaxe":1,"iceandfire:armor_gray_helmet":1,"minecraft:bone":6,"cgm:pistol":1,"minecraft:iron_nugget":5,"savage_and_ravage:griefer_chestplate":1,"minecraft:rotten_flesh":23,"minecraft:glowstone_dust":2,"iceandfire:armor_gray_leggings":1,"minecraft:leather_chestplate":2,"minecraft:gunpowder":7,"structuresadventures:basekleg":1,"iceandfire:crackled_cobblestone":24,"iceandfire:pixie_dust":1,"minecraft:chest":1,"minecraft:leather_leggings":1,"minecraft:arrow":4,"minecraft:glass":3,"minecraft:beef":1,"minecraft:bread":1,"minecraft:wheat_seeds":6,"minecraft:diamond_leggings":3,"minecraft:prismarine_shard":3,"minecraft:feather":5,"minecraft:cobblestone":6,"iceandfire:dragonegg_electric":1,"minecraft:chainmail_helmet":1,"minecraft:golden_apple":1,"minecraft:stick":13,"minecraft:golden_carrot":7,"iceandfire:crackled_dirt":1,"minecraft:ink_sac":4,"minecraft:diamond_helmet":1,"minecraft:oak_stairs":1,"toughasnails:leaf_helmet":1,"toughasnails:purified_water_canteen":1,"minecraft:white_banner":7,"minecraft:iron_axe":1,"toughasnails:leaf_leggings":5,"minecraft:string":2,"minecraft:stone_brick_slab":1,"iceandfire:armor_red_chestplate":1,"structuresadventures:rotten_flesh_moosy_cobblestone":48,"cgm:advanced_bullet":96,"minecraft:moss_carpet":1,"nzgexpansion:medium_bullet":10,"minecraft:kelp":110,"iceandfire:armor_black_boots":1,"iceandfire:lightning_dragon_heart":1,"minecraft:cocoa_beans":9,"minecraft:raw_iron":2,"minecraft:chicken":2,"cgm:grenade_launcher":1,"minecraft:filled_map":2,"minecraft:shield":5,"iceandfire:armor_gray_chestplate":1,"additionalguns:vintorez":1,"additionalguns:mammoth":1,"minecraft:andesite":6,"minecraft:golden_leggings":1,"minecraft:oak_boat":1,"minecraft:spider_eye":2,"minecraft:diamond_boots":3,"minecraft:wooden_pickaxe":1,"iceandfire:crackled_stone":7,"nzgexpansion:automatic_sniper_rifle":1,"nzgexpansion:machine_gun":1},"minecraft:killed_by":{"iceandfire:siren":2,"minecraft:pillager":2,"minecraft:drowned":2,"iceandfire:sea_serpent":3,"pillagershunts:archer_pillager":1,"structuresadventures:chicken_warrior":14,"structuresadventures:chicken_wizard":1,"minecraft:zombie":3,"structuresadventures:toki_zombie":1,"alexsmobs:skelewag":2,"minecraft:player":3,"pillagershunts:assasin_pillager":5,"minecraft:skeleton":4,"iceandfire:lightning_dragon":1,"guardvillagers:guard":1},"minecraft:picked_up":{"toughasnails:leaf_leggings":1,"minecraft:iron_chestplate":1,"minecraft:redstone_block":10,"minecraft:chainmail_boots":3,"iceandfire:copper_ore":1,"minecraft:anvil":68,"minecraft:prismarine_shard":3,"additionalguns:m1911":3,"minecraft:lead":2,"iceandfire:armor_copper_metal_chestplate":3,"minecraft:oak_stairs":1,"additionalguns:vintorez":3,"minecraft:stone_brick_stairs":5,"minecraft:brewing_stand":1,"additionalguns:awm":5,"iceandfire:armor_gray_leggings":2,"iceandfire:armor_silver_metal_chestplate":3,"nzgexpansion:hunting_shotgun":1,"iceandfire:manuscript":6,"minecraft:string":3,"cgm:machine_pistol":1,"minecraft:raw_copper":63,"minecraft:iron_leggings":1,"minecraft:armor_stand":3,"minecraft:shroomlight":65,"iceandfire:sea_serpent_scales_bronze":7,"alexsmobs:shield_of_the_deep":2,"minecraft:diamond_leggings":6,"minecraft:gold_nugget":77,"minecraft:acacia_sign":4,"minecraft:azalea":1,"minecraft:wooden_shovel":1,"minecraft:enchanted_golden_apple":1,"cgm:advanced_bullet":199,"iceandfire:dragonscales_red":24,"minecraft:iron_boots":1,"iceandfire:pixie_dust":1,"minecraft:stick":18,"iceandfire:ghost_chest":1,"iceandfire:crackled_dirt":4,"iceandfire:armor_copper_metal_leggings":3,"minecraft:torch":25,"minecraft:acacia_log":8,"minecraft:porkchop":2,"iceandfire:lightning_dragon_flesh":6,"iceandfire:crackled_gravel":1,"minecraft:diorite":3,"structuresadventures:rotten_flesh_moosy_cobblestone":48,"minecraft:brown_carpet":1,"alexsmobs:roadrunner_boots":2,"minecraft:andesite_wall":1,"iceandfire:armor_silver_metal_boots":1,"additionalguns:magnum":2,"nzgexpansion:heavy_assault_rifle":1,"minecraft:rotten_flesh":30,"iceandfire:fire_dragon_heart":1,"minecraft:iron_block":1,"nzgexpansion:medium_bullet":144,"minecraft:iron_bars":2,"minecraft:cod":6,"alexsmobs:flying_fish":16,"minecraft:cobblestone":47,"minecraft:birch_log":1,"iceandfire:dragonscales_black":9,"minecraft:magma_block":4,"minecraft:leather_chestplate":1,"minecraft:feather":7,"minecraft:cooked_beef":2,"minecraft:andesite":15,"minecraft:jungle_log":123,"minecraft:smoker":1,"minecraft:dirt":195,"minecraft:bone":19,"iceandfire:armor_gray_boots":2,"minecraft:wheat_seeds":12,"minecraft:raw_gold":1,"iceandfire:armor_gray_chestplate":2,"minecraft:diamond_helmet":3,"minecraft:glowstone_dust":4,"savage_and_ravage:griefer_chestplate":1,"iceandfire:amphithere_feather":1,"iceandfire:dragon_skull_fire":1,"iceandfire:shiny_scales":6,"minecraft:sand":47,"minecraft:jungle_planks":21,"minecraft:ink_sac":4,"nzgexpansion:bolt_action_rifle":2,"iceandfire:lightning_dragon_heart":2,"minecraft:mossy_cobblestone":1,"cgm:pistol":4,"minecraft:light_gray_concrete":6,"minecraft:diamond":2,"iceandfire:crackled_stone":18,"minecraft:crossbow":4,"minecraft:bone_meal":1,"minecraft:emerald":83,"minecraft:oak_sapling":12,"minecraft:oak_leaves":70,"additionalguns:ace_of_spades":1,"minecraft:cocoa_beans":9,"iceandfire:dragon_skull_lightning":3,"endrem:magical_eye":1,"minecraft:charcoal":10,"minecraft:coarse_dirt":1,"minecraft:crafting_table":1,"minecraft:chicken":17,"iceandfire:fire_lily":1,"additionalguns:over_under":2,"iceandfire:chain":3,"structuresadventures:basek_fat":7,"minecraft:shield":13,"iceandfire:armor_gray_helmet":2,"nzgexpansion:heavy_revolver":4,"minecraft:red_bed":1,"nzgexpansion:machine_gun":3,"minecraft:moss_carpet":9,"savage_and_ravage:mask_of_dishonesty":3,"minecraft:item_frame":8,"nzgexpansion:automatic_sniper_rifle":1,"iceandfire:amythest_gem":16,"additionalguns:usas12":1,"minecraft:cartography_table":1,"minecraft:beef":5,"iceandfire:armor_silver_metal_leggings":4,"minecraft:oak_boat":3,"minecraft:jungle_sapling":2,"minecraft:iron_nugget":7,"minecraft:sugar_cane":7,"cgm:bazooka":1,"minecraft:phantom_membrane":2,"minecraft:raw_copper_block":1,"minecraft:egg":4,"pillagershunts:totem":1,"minecraft:raw_iron":21,"iceandfire:dragonbone":48,"minecraft:copper_ingot":1,"iceandfire:armor_copper_metal_boots":3,"minecraft:carrot":6,"minecraft:prismarine_crystals":1,"toughasnails:empty_canteen":2,"iceandfire:dragonegg_electric":1,"minecraft:arrow":74,"minecraft:diamond_chestplate":5,"minecraft:diamond_boots":4,"minecraft:hay_block":14,"minecraft:saddle":6,"minecraft:gold_ingot":2,"minecraft:totem_of_undying":6,"firstaid:bandage":48,"minecraft:glow_berries":1,"minecraft:mutton":2,"minecraft:skeleton_skull":1,"minecraft:white_wool":7,"minecraft:birch_leaves":53,"iceandfire:sea_serpent_fang":16,"minecraft:leather":2,"alexsmobs:acacia_blossom":1,"structuresadventures:basekleg":1,"savage_and_ravage:creeper_spores":19,"alexsmobs:crocodile_chestplate":3,"minecraft:oak_log":52,"minecraft:chainmail_chestplate":2,"iceandfire:ectoplasm":2,"minecraft:gunpowder":27,"iceandfire:armor_copper_metal_helmet":3,"minecraft:white_banner":9,"cgm:grenade_launcher":2,"minecraft:apple":1,"minecraft:stone_bricks":506,"minecraft:kelp":285,"minecraft:iron_ingot":2,"minecraft:stone_pickaxe":1,"minecraft:iron_sword":2,"minecraft:acacia_sapling":4,"iceandfire:crackled_cobblestone":25,"iceandfire:copper_nugget":570,"minecraft:chiseled_stone_bricks":2,"minecraft:stone_brick_slab":79,"nzgexpansion:hunting_rifle":2,"minecraft:gravel":1,"minecraft:blast_furnace":1,"additionalguns:mammoth":8,"minecraft:spider_eye":4,"iceandfire:dragonscales_copper":152,"minecraft:infested_stone_bricks":64,"minecraft:stone_axe":1,"minecraft:chainmail_leggings":4,"minecraft:iron_helmet":3,"savage_and_ravage:cleaver_of_beheading":3,"additionalguns:m16a2":1,"minecraft:coal":14,"minecraft:hopper":16},"minecraft:crafted":{"minecraft:light_gray_concrete_powder":8,"minecraft:oak_planks":112,"toughasnails:leaf_leggings":5,"minecraft:glass":18,"minecraft:iron_boots":1,"minecraft:chest":4,"toughasnails:leaf_helmet":5,"toughasnails:leaf_boots":4,"minecraft:crafting_table":5,"minecraft:wooden_pickaxe":1,"minecraft:iron_helmet":1,"iceandfire:armor_red_chestplate":2,"minecraft:birch_planks":4,"iceandfire:copper_hoe":1,"minecraft:stone_brick_stairs":28,"minecraft:iron_chestplate":1,"minecraft:charcoal":14,"toughasnails:water_purifier":2,"minecraft:shield":1,"minecraft:stick":24,"minecraft:iron_ingot":9,"minecraft:iron_pickaxe":1,"minecraft:light_gray_dye":3,"minecraft:shears":1,"minecraft:stone_shovel":1,"iceandfire:dragon_stick":1,"minecraft:furnace":1,"minecraft:bone_meal":12,"minecraft:glass_pane":96,"nzgexpansion:hunting_shotgun":1,"cgm:workbench":2,"minecraft:wheat":126,"minecraft:cooked_cod":1,"iceandfire:copper_ingot":44,"toughasnails:leaf_chestplate":4,"iceandfire:armor_black_boots":2,"minecraft:bucket":1,"minecraft:stone_axe":2,"minecraft:bread":42,"minecraft:air":0,"minecraft:jungle_planks":1810,"iceandfire:armor_red_helmet":1,"minecraft:oak_boat":4,"minecraft:acacia_sign":15,"minecraft:iron_leggings":1,"minecraft:white_bed":2,"minecraft:acacia_planks":32,"iceandfire:copper_block":5},"minecraft:killed":{"guardvillagers:guard":8,"minecraft:witch":10,"alexsmobs:anaconda":1,"minecraft:spider":12,"minecraft:skeleton":34,"structuresadventures:basek":1,"savage_and_ravage:griefer":3,"alexsmobs:leafcutter_ant":6,"pillagershunts:assasin_pillager":3,"minecraft:silverfish":6,"savage_and_ravage:creepie":12,"minecraft:pig":1,"alexsmobs:anteater":1,"minecraft:zombie_villager":1,"structuresadventures:chicken_wizard":4,"structuresadventures:toki_zombie":1,"savage_and_ravage:executioner":2,"minecraft:creeper":20,"minecraft:sheep":1,"minecraft:trader_llama":2,"minecraft:pillager":16,"minecraft:zombie":45,"iceandfire:pixie":1,"pillagershunts:pillager_hunter":6,"pillagershunts:archer_pillager":9,"iceandfire:sea_serpent":4,"minecraft:vex":1,"structuresadventures:chicken_tnt":5,"minecraft:vindicator":5,"minecraft:phantom":4,"alexsmobs:gorilla":3,"iceandfire:fire_dragon":1,"iceandfire:siren":1,"minecraft:drowned":5,"alexsmobs:flying_fish":10,"savage_and_ravage:trickster":2,"minecraft:wandering_trader":1,"minecraft:ravager":2,"alexsmobs:catfish":1,"alexsmobs:crocodile":2,"structuresadventures:chicken_warrior":47,"campsite_structures:camper":9,"minecraft:villager":12},"minecraft:mined":{"iceandfire:copper_pile":68,"minecraft:jungle_leaves":15,"minecraft:brewing_stand":1,"minecraft:acacia_log":8,"minecraft:grass_block":15,"minecraft:jungle_log":101,"minecraft:polished_diorite":2,"minecraft:hopper":16,"minecraft:chiseled_stone_bricks":2,"iceandfire:crackled_cobblestone":5,"minecraft:magma_block":4,"minecraft:iron_ore":18,"minecraft:fire":6,"minecraft:moss_carpet":7,"minecraft:anvil":68,"iceandfire:crackled_dirt":6,"iceandfire:gold_pile":4,"minecraft:iron_bars":2,"minecraft:light_gray_concrete":6,"minecraft:iron_block":1,"minecraft:kelp_plant":12,"minecraft:smoker":1,"minecraft:blast_furnace":1,"iceandfire:ghost_chest":1,"iceandfire:fire_lily":1,"minecraft:sugar_cane":4,"iceandfire:crackled_stone":18,"minecraft:birch_log":1,"minecraft:stone_brick_stairs":4,"minecraft:infested_mossy_stone_bricks":1,"minecraft:grass":62,"minecraft:oak_log":37,"minecraft:sand":48,"minecraft:dirt":15,"minecraft:infested_cracked_stone_bricks":1,"minecraft:raw_copper_block":1,"minecraft:oak_leaves":113,"minecraft:diamond_ore":2,"minecraft:mossy_cobblestone":1,"iceandfire:crackled_gravel":3,"minecraft:jungle_planks":17,"minecraft:kelp":150,"minecraft:cartography_table":1,"minecraft:large_fern":1,"minecraft:hay_block":14,"iceandfire:copper_ore":1,"minecraft:vine":7,"minecraft:stone":21,"minecraft:white_wool":6,"minecraft:podzol":1,"minecraft:redstone_block":10,"minecraft:acacia_leaves":1,"minecraft:glass_pane":6,"minecraft:infested_stone_bricks":3,"minecraft:brown_carpet":1,"minecraft:stone_brick_slab":20,"minecraft:crafting_table":1,"minecraft:andesite_wall":1,"minecraft:copper_ore":16,"minecraft:tall_grass":15,"iceandfire:amythest_ore":16,"minecraft:diorite":2,"minecraft:coarse_dirt":2,"minecraft:birch_leaves":61,"minecraft:coal_ore":3,"minecraft:stone_bricks":73,"minecraft:gold_ore":1,"minecraft:acacia_wall_sign":4,"minecraft:fern":3},"minecraft:custom":{"minecraft:interact_with_crafting_table":49,"minecraft:open_barrel":102,"minecraft:leave_game":28,"minecraft:time_since_death":3254,"minecraft:sprint_one_cm":2304253,"minecraft:damage_blocked_by_shield":580,"minecraft:drop":210,"minecraft:talked_to_villager":58,"minecraft:play_time":1105352,"minecraft:deaths":49,"minecraft:jump":9731,"minecraft:interact_with_brewingstand":1,"minecraft:walk_on_water_one_cm":324199,"minecraft:interact_with_furnace":19,"minecraft:sleep_in_bed":22,"minecraft:damage_dealt":3110,"minecraft:crouch_one_cm":155980,"minecraft:interact_with_smoker":9,"minecraft:inspect_dispenser":1,"minecraft:interact_with_anvil":1,"minecraft:mob_kills":339,"minecraft:inspect_hopper":1,"minecraft:climb_one_cm":28754,"minecraft:walk_one_cm":2335795,"minecraft:raid_win":7,"minecraft:sneak_time":50835,"minecraft:walk_under_water_one_cm":806546,"minecraft:boat_one_cm":1133087,"minecraft:interact_with_blast_furnace":3,"minecraft:total_world_time":1105352,"minecraft:raid_trigger":2,"minecraft:time_since_rest":3287,"minecraft:damage_taken":11674,"minecraft:swim_one_cm":197409,"minecraft:fly_one_cm":3565991,"minecraft:open_chest":162,"minecraft:fall_one_cm":193080},"minecraft:broken":{"toughasnails:leaf_boots":3,"toughasnails:leaf_chestplate":3,"minecraft:stone_axe":1,"toughasnails:leaf_leggings":1,"toughasnails:water_canteen":7,"toughasnails:purified_water_canteen":4,"toughasnails:leaf_helmet":4},"minecraft:used":{"minecraft:moss_carpet":8,"cgm:machine_pistol":4,"minecraft:ladder":35,"minecraft:shield":13,"additionalguns:awm":3,"minecraft:chest":82,"another_furniture:dark_oak_table":4,"another_furniture:red_curtain":46,"nzgexpansion:hunting_shotgun":42,"minecraft:mutton":1,"pillagershunts:assasin_pillager_spawn_egg":2,"another_furniture:warped_shutter":1,"additionalguns:mammoth":8,"minecraft:jungle_planks":2574,"minecraft:carrot":4,"minecraft:jungle_slab":69,"minecraft:deepslate_brick_slab":413,"minecraft:acacia_sapling":4,"structuresadventures:chest":2,"minecraft:obsidian":6,"minecraft:jungle_sapling":2,"minecraft:glass":633,"iceandfire:crackled_gravel":1,"minecraft:villager_spawn_egg":49,"minecraft:jungle_fence_gate":13,"minecraft:grass_block":483,"nzgexpansion:machine_gun":167,"iceandfire:ghost_chest":1,"minecraft:stone_brick_stairs":31,"minecraft:stone_bricks":4170,"minecraft:item_frame":47,"minecraft:red_carpet":1,"nzgexpansion:automatic_sniper_rifle":3,"minecraft:brown_carpet":1,"another_furniture:red_stool":1,"minecraft:oak_sapling":5,"guardvillagers:guard_spawn_egg":27,"minecraft:cooked_cod":1,"minecraft:furnace":1,"minecraft:skeleton_skull":1,"minecraft:egg":12,"minecraft:potato":8,"another_furniture:jungle_shelf":13,"iceandfire:armor_red_helmet":1,"minecraft:diorite":3,"minecraft:birch_leaves":1,"minecraft:stone_pickaxe":39,"minecraft:jungle_fence":258,"minecraft:wooden_pickaxe":2,"minecraft:sugar_cane":4,"toughasnails:water_canteen":114,"minecraft:jungle_boat":2,"minecraft:oak_leaves":2,"minecraft:dark_oak_trapdoor":1,"nzgexpansion:heavy_revolver":417,"minecraft:loom":1,"minecraft:blast_furnace":4,"nzgexpansion:heavy_assault_rifle":17,"minecraft:sponge":214,"minecraft:shears":133,"minecraft:deepslate_brick_stairs":233,"minecraft:acacia_door":4,"minecraft:dark_oak_log":17,"another_furniture:dark_oak_drawer":3,"minecraft:string":1,"minecraft:bread":61,"minecraft:lectern":29,"iceandfire:copper_hoe":175,"minecraft:gravel":1,"additionalguns:ace_of_spades":2,"minecraft:grindstone":2,"minecraft:smithing_table":2,"another_furniture:red_tall_stool":1,"minecraft:oak_boat":7,"iceandfire:fire_lily":1,"minecraft:coarse_dirt":1,"minecraft:bone_meal":12,"minecraft:oak_fence":2,"minecraft:azalea":1,"additionalguns:m16a2":29,"minecraft:iron_bars":59,"toughasnails:water_purifier":6,"minecraft:enchanting_table":1,"toughasnails:leaf_helmet":3,"minecraft:armor_stand":41,"another_furniture:dark_oak_planter_box":6,"another_furniture:black_tall_stool":1,"minecraft:stone_shovel":39,"another_furniture:dark_oak_chair":5,"minecraft:spruce_planks":562,"toughasnails:leaf_boots":2,"another_furniture:black_lamp":1,"minecraft:torch":25,"minecraft:dirt":38,"minecraft:brewing_stand":1,"cgm:workbench":4,"minecraft:hopper":30,"toughasnails:empty_canteen":15,"nzgexpansion:bullpup_rifle":8,"minecraft:polished_diorite":718,"minecraft:shroomlight":488,"minecraft:andesite_wall":1,"minecraft:stone_brick_slab":80,"minecraft:bookshelf":21,"minecraft:iron_axe":52,"iceandfire:crackled_dirt":3,"another_furniture:dark_oak_shutter":6,"minecraft:acacia_slab":1,"minecraft:jungle_log":46,"minecraft:barrel":102,"minecraft:glowstone":51,"minecraft:beef":1,"minecraft:cooked_beef":2,"minecraft:wheat_seeds":3,"toughasnails:leaf_leggings":2,"minecraft:water_bucket":3,"cgm:pistol":3,"minecraft:cartography_table":4,"iceandfire:crackled_stone":1,"minecraft:fletching_table":3,"minecraft:stonecutter":1,"iceandfire:dragon_skull_lightning":3,"minecraft:deepslate_bricks":192,"minecraft:cracked_stone_bricks":13,"minecraft:mossy_cobblestone":1,"minecraft:stripped_dark_oak_log":147,"minecraft:crafting_table":7,"minecraft:red_bed":6,"minecraft:white_bed":2,"minecraft:light_gray_concrete_powder":8,"minecraft:cod":2,"minecraft:infested_stone_bricks":64,"minecraft:dark_oak_door":2,"minecraft:smoker":2,"minecraft:oak_log":1,"alexsmobs:flying_fish":3,"minecraft:acacia_sign":19,"additionalguns:m1911":39,"minecraft:iron_pickaxe":354,"another_furniture:red_lamp":3,"toughasnails:leaf_chestplate":2,"minecraft:stone_axe":190,"minecraft:chiseled_stone_bricks":2,"minecraft:cobblestone":17,"minecraft:white_banner":4,"minecraft:jungle_door":1,"toughasnails:purified_water_canteen":37,"minecraft:bucket":4,"minecraft:glass_pane":369,"minecraft:pillager_spawn_egg":3,"minecraft:splash_potion":1,"nzgexpansion:bolt_action_rifle":296}},"DataVersion":2975}